tipo_acto,tipo_destinatario,tipo_discapacidad,ok,urgencia,titulo,url,error
testimonial,actor,,OK,rojo,"Usted ha sido condenado por robo. Esto es lo que debe saber",https://notificar-clara.vercel.app/n/3fbdc66e-f675-43ab-ae2e-6c3f19160aeb,""
testimonial,actor,visual,OK,rojo,"Lo condenaron a tres años de prisión en suspenso por robo. Esto es lo que debe saber.",https://notificar-clara.vercel.app/n/c16c1844-ef8a-4dc7-93f0-92f92b6b88f1,""
testimonial,actor,auditiva,OK,rojo,"Lo que decide el juez: usted fue condenado por robo",https://notificar-clara.vercel.app/n/5b68ebfd-1b68-465e-8387-5254ee521cb0,""
testimonial,actor,motriz,OK,rojo,"La justicia lo condena a 3 años de prisión en suspenso por robo",https://notificar-clara.vercel.app/n/cf6ad3e4-7b19-4fca-9bf1-148dc0bb2208,""
testimonial,actor,intelectual,OK,rojo,"Usted ha sido condenado por robo. Esto es lo que debe saber.",https://notificar-clara.vercel.app/n/25a4c93e-5463-4b64-b58e-dcfea336454c,""
testimonial,demandado,,OK,rojo,"Lo han condenado a prisión en suspenso por robo y debe cumplir obligaciones",https://notificar-clara.vercel.app/n/b9e08f0c-a263-4ece-ae35-de0f0117aca2,""
testimonial,demandado,visual,OK,rojo,"Lo que decidió el juez sobre su caso de robo",https://notificar-clara.vercel.app/n/69ed646e-43b6-42c9-8340-077ea9f252fd,""
testimonial,demandado,auditiva,OK,rojo,"Le han condenado por robo, pero sin ir a prisión ahora",https://notificar-clara.vercel.app/n/5fa85500-8646-4979-949d-5784adc725e0,""
testimonial,demandado,motriz,OK,rojo,"Usted ha sido condenado por robo. La sentencia es apelable",https://notificar-clara.vercel.app/n/8450d85f-ffb8-4dbf-8833-dc31b2b2bf5c,""
testimonial,demandado,intelectual,OK,rojo,"Lo han condenado por robo. Conocé sus derechos y obligaciones",https://notificar-clara.vercel.app/n/a9e0e822-2bc2-4bc8-8507-471d60c16370,""
testimonial,imputado,,OK,rojo,"Usted ha sido condenado a prisión en suspenso y debe cumplir obligaciones",https://notificar-clara.vercel.app/n/879cfebe-1856-4b0d-8baf-7abaa91f18a5,""
testimonial,imputado,visual,OK,rojo,"Usted ha sido condenado por robo. Esto es lo que debe saber.",https://notificar-clara.vercel.app/n/6a9e0282-b0fa-452f-8c9a-cf0a6dce583d,""
testimonial,imputado,auditiva,OK,rojo,"Usted ha sido condenado por robo. Esto es lo que debe saber",https://notificar-clara.vercel.app/n/5d0e73c1-f885-4c19-8556-d851bdc5a6f2,""
testimonial,imputado,motriz,OK,rojo,"Usted ha sido condenado por robo. Conoce sus obligaciones y derechos",https://notificar-clara.vercel.app/n/88c12bab-a676-4723-ac94-998def510c5f,""
testimonial,imputado,intelectual,OK,rojo,"Usted ha sido condenado a prisión en suspenso por robo simple",https://notificar-clara.vercel.app/n/cf326dbb-7174-4b38-ae78-218c94bdc71e,""
testimonial,victima,,OK,rojo,"El juez lo ha condenado por robo: prisión en suspenso, obligaciones y pago de dinero",https://notificar-clara.vercel.app/n/3d54ffe6-9e7f-46c1-9468-af10ec1cca89,""
testimonial,victima,visual,OK,rojo,"Usted ha sido condenado: lo que debe saber sobre esta sentencia",https://notificar-clara.vercel.app/n/542117af-0706-473b-9a37-5ce91e797ecf,""
testimonial,victima,auditiva,OK,rojo,"Usted ha sido condenado a prisión en suspenso y debe cumplir obligaciones",https://notificar-clara.vercel.app/n/4c67b289-b1ff-4182-a585-868e0a1e624e,""
testimonial,victima,motriz,OK,rojo,"Lo han condenado a tres años de prisión en suspenso por robo",https://notificar-clara.vercel.app/n/9314113e-e080-4188-b900-317a814b02fc,""
testimonial,victima,intelectual,OK,rojo,"Usted ha sido condenado por robo. La sentencia impone pena de prisión en suspenso y obligaciones que debe cumplir",https://notificar-clara.vercel.app/n/4af1049a-5aa4-4161-a64e-d6055b1b0435,""
testimonial,testigo,,OK,rojo,"Usted ha sido condenado: lo que significa esta sentencia",https://notificar-clara.vercel.app/n/21072ad6-7961-4618-be65-e9fc02551cb2,""
testimonial,testigo,visual,OK,rojo,"Le han dictado sentencia: condenado a 3 años en suspenso por robo",https://notificar-clara.vercel.app/n/79c90a31-aec9-410d-b1ad-e8b221eee113,""
testimonial,testigo,auditiva,OK,rojo,"Usted ha sido condenado: lo que significa y qué debe hacer ahora",https://notificar-clara.vercel.app/n/432938f3-1820-44a9-9073-02985df52a44,""
testimonial,testigo,motriz,OK,rojo,"Lo han condenado a prisión en suspenso por robo. Esto es lo que debe saber",https://notificar-clara.vercel.app/n/65719431-09d2-48bb-8755-7c4b2ea561cc,""
testimonial,testigo,intelectual,OK,rojo,"Lo han condenado: debe saber qué significa esta sentencia y qué tiene que hacer ahora",https://notificar-clara.vercel.app/n/dd271b5c-29ce-44b0-a20f-bd586704d11e,""
testimonial,nna_0_6,,OK,rojo,"Usted ha sido condenado por robo. Esto es lo que debe saber.",https://notificar-clara.vercel.app/n/069fa9fe-ce7f-4f65-bd1c-986ab1b8b659,""
testimonial,nna_0_6,visual,OK,rojo,"Lo han condenado a tres años de prisión en suspenso por robo",https://notificar-clara.vercel.app/n/f01a9d29-3dd9-4658-b405-dc44a9bc731a,""
testimonial,nna_0_6,auditiva,OK,rojo,"Usted ha sido condenado por robo. Entienda qué significa esta sentencia y qué debe hacer ahora",https://notificar-clara.vercel.app/n/aeac898d-e255-40a7-a382-5a327ea554ba,""
testimonial,nna_0_6,motriz,OK,rojo,"La justicia lo ha condenado por robo: lo que significa y qué debe hacer ahora",https://notificar-clara.vercel.app/n/3630a695-dd4d-441f-99aa-2f4b89c95cdd,""
testimonial,nna_0_6,intelectual,OK,rojo,"Lo han condenado a prisión en suspenso por robo. Estas son sus obligaciones y derechos.",https://notificar-clara.vercel.app/n/0d56d2ba-d7f7-4cb6-a13f-7c1bbdd3a431,""
testimonial,nna_7_12,,OK,rojo,"Lo condenaron a 3 años de prisión en suspenso por robo",https://notificar-clara.vercel.app/n/e30d9bbb-9712-46f4-94b7-fbb979483c83,""
testimonial,nna_7_12,visual,OK,rojo,"Lo condenaron: debe cumplir con penas y obligaciones",https://notificar-clara.vercel.app/n/447bfd04-b852-444d-b0c5-9a848025d63d,""
testimonial,nna_7_12,auditiva,OK,rojo,"La justicia lo condenó por robo: qué significa y qué debe hacer ahora",https://notificar-clara.vercel.app/n/8dfa11b3-e495-4db1-b00c-edeeb0f333c1,""
testimonial,nna_7_12,motriz,OK,rojo,"Lo condenaron: debe cumplir con pena, obligaciones y puede apelar",https://notificar-clara.vercel.app/n/6ba70b3a-8080-4be6-8a60-118118f4acce,""
testimonial,nna_7_12,intelectual,OK,rojo,"Lo han condenado a tres años de prisión en suspenso por robo",https://notificar-clara.vercel.app/n/3fe5ae8d-11bf-4f19-bd74-f2992998cd88,""
testimonial,nna_13_17,,OK,rojo,"Lo que debe saber sobre su condena: prisión en suspenso, obligaciones y plazo para apelar",https://notificar-clara.vercel.app/n/bf5bffbf-16b5-421f-8a25-e4f5dd2d1af1,""
testimonial,nna_13_17,visual,OK,rojo,"Lo han condenado a prisión en suspenso por robo. Esto es lo que debe saber.",https://notificar-clara.vercel.app/n/cd2b4fae-cbb0-4ecd-a908-efa74da7cda9,""
testimonial,nna_13_17,auditiva,OK,rojo,"Usted ha sido condenado por robo. Conocer sus derechos y obligaciones",https://notificar-clara.vercel.app/n/7b44dfdb-e69e-4421-8d48-bcfb41c478cd,""
testimonial,nna_13_17,motriz,OK,rojo,"Le han condenado a prisión en suspenso y debe cumplir obligaciones",https://notificar-clara.vercel.app/n/af8eb001-4e49-4c8a-812f-934bd3874047,""
testimonial,nna_13_17,intelectual,OK,rojo,"Ha sido condenado: qué significa y qué debe hacer ahora",https://notificar-clara.vercel.app/n/d13d4a02-3804-447b-816c-506516522ab2,""
testimonial,adulto_mayor,,OK,rojo,"Una sentencia de condena: qué significa y qué debe hacer ahora",https://notificar-clara.vercel.app/n/07f18497-f710-49a6-9c2e-ea8c8bb2c003,""
testimonial,adulto_mayor,visual,OK,rojo,"El juez ha decidido que usted es culpable y le ha impuesto una condena",https://notificar-clara.vercel.app/n/4781d671-f435-40f7-84d1-8c45d564e304,""
testimonial,adulto_mayor,auditiva,OK,rojo,"Usted ha sido condenado a prisión en suspenso por robo. Conozca sus obligaciones y sus derechos.",https://notificar-clara.vercel.app/n/bbe5ad96-b23b-495b-a491-794d6ed02ed2,""
testimonial,adulto_mayor,motriz,OK,rojo,"Ha sido condenado/a por robo. Conocé qué significa esta sentencia y qué debe hacer ahora",https://notificar-clara.vercel.app/n/ef08fbfc-c876-4b04-b222-f486ee958997,""
testimonial,adulto_mayor,intelectual,OK,rojo,"La justicia lo ha condenado por robo. Esto es lo que debe saber.",https://notificar-clara.vercel.app/n/7cf79558-f2d2-4874-a543-076f0a0ce5d4,""
testimonial,letrado,,OK,rojo,"Le condenaron a 3 años de prisión en suspenso por robo",https://notificar-clara.vercel.app/n/c2093158-0621-4b95-ac73-9fcdaff26458,""
testimonial,letrado,visual,OK,rojo,"Ha sido condenado por robo: debe conocer sus obligaciones y derechos",https://notificar-clara.vercel.app/n/59db8d72-1b3b-4523-9fbc-ef09168c4d8c,""
testimonial,letrado,auditiva,OK,rojo,"Lo han condenado a prisión en suspenso y debe cumplir obligaciones",https://notificar-clara.vercel.app/n/d6e99ce1-0da9-4310-97a6-8a5d2d1ac81c,""
testimonial,letrado,motriz,OK,rojo,"La justicia lo ha condenado por robo. Aquí está la sentencia.",https://notificar-clara.vercel.app/n/61159148-32a7-439b-a311-41c544e5139a,""
testimonial,letrado,intelectual,OK,rojo,"Usted ha sido condenado por robo. Esto es lo que debe hacer ahora",https://notificar-clara.vercel.app/n/57bc89e9-1dd1-405f-b971-2b92e360a5cc,""
testimonial,perito,,OK,rojo,"La justicia lo condenó por robo: qué debe hacer ahora",https://notificar-clara.vercel.app/n/15c9ad1d-2a12-47a0-91f4-2889b922a2d0,""
testimonial,perito,visual,OK,rojo,"Le han condenado a tres años de prisión en suspenso por robo",https://notificar-clara.vercel.app/n/0df64cd8-27f9-405e-8c47-c68865eede21,""
testimonial,perito,auditiva,OK,rojo,"Lo han condenado a prisión en suspenso por robo. Esto es lo que debe saber.",https://notificar-clara.vercel.app/n/6e77f589-1842-495a-a64a-b230cf3b12ff,""
testimonial,perito,motriz,OK,rojo,"Lo han condenado por robo: qué significa la sentencia y qué debe hacer ahora",https://notificar-clara.vercel.app/n/722cd93e-1918-46ff-9632-019a1421b702,""
testimonial,perito,intelectual,OK,rojo,"Usted ha sido condenado a prisión en suspenso por robo. Debe cumplir obligaciones específicas y puede apelar.",https://notificar-clara.vercel.app/n/3d9c316a-b255-4ef0-b4c8-7b65af5faac9,""
indagatoria,actor,,OK,rojo,"Lo condenaron a prisión en suspenso y debe cumplir obligaciones",https://notificar-clara.vercel.app/n/9f41e7ea-a247-4fba-b186-eb15f1f80c30,""
indagatoria,actor,visual,OK,rojo,"Ha sido condenado/a por robo. Conocé sus derechos y obligaciones",https://notificar-clara.vercel.app/n/20839ea7-72b8-49ad-89ae-ed80ea7d5634,""
indagatoria,actor,auditiva,OK,rojo,"Usted fue condenado por robo. Esto es lo que debe saber.",https://notificar-clara.vercel.app/n/6151c4c9-473c-4b7d-97af-772124e2cafa,""
indagatoria,actor,motriz,OK,rojo,"Ha sido condenado por robo. Esto es lo que debe saber.",https://notificar-clara.vercel.app/n/706e3ec3-1237-475b-ab5a-83de7d2d4145,""
indagatoria,actor,intelectual,OK,rojo,"Lo condenaron a tres años de prisión en suspenso por robo",https://notificar-clara.vercel.app/n/c6bee801-9f68-47e4-a1cb-371670c30230,""
indagatoria,demandado,,OK,rojo,"Lo condenaron: 3 años de prisión en suspenso por robo, y tiene que pagar 500 mil pesos",https://notificar-clara.vercel.app/n/99bbede7-8518-4eb3-bb6f-fbbb3ea1213e,""
indagatoria,demandado,visual,OK,rojo,"Usted fue condenado por robo. Esto es lo que debe saber",https://notificar-clara.vercel.app/n/2ea98284-3009-44bc-aff2-dc4e91463b98,""
indagatoria,demandado,auditiva,OK,rojo,"Ha sido condenado por robo. Esto es lo que debe saber y hacer ahora.",https://notificar-clara.vercel.app/n/97baf3da-b4a7-49c6-aabb-f13576e88417,""
indagatoria,demandado,motriz,OK,rojo,"Lo han condenado: debe conocer sus derechos y obligaciones",https://notificar-clara.vercel.app/n/4c2d5d30-f45c-425d-95db-a06bb11c8cfc,""
indagatoria,demandado,intelectual,OK,rojo,"Ha sido condenado: 3 años de prisión en suspenso por robo",https://notificar-clara.vercel.app/n/e6744623-6588-40e1-8b53-94f2eff83425,""
indagatoria,imputado,,OK,rojo,"Lo han condenado a tres años de prisión en suspenso por robo",https://notificar-clara.vercel.app/n/7b05abcc-941f-4a19-8218-0c95651c0aaa,""
indagatoria,imputado,visual,OK,rojo,"Usted ha sido condenado a prisión en suspenso por robo. Debe cumplir obligaciones específicas.",https://notificar-clara.vercel.app/n/72a22cd8-67e1-4c25-815c-e04172bd2454,""
indagatoria,imputado,auditiva,OK,rojo,"Lo condenaron: debe cumplir con obligaciones importantes",https://notificar-clara.vercel.app/n/29de6325-a739-4298-8dbb-2e28f140e7e2,""
indagatoria,imputado,motriz,OK,rojo,"Lo condenaron a prisión en suspenso y debe cumplir obligaciones",https://notificar-clara.vercel.app/n/e2858f4f-fecb-4965-9551-358bab6c9f19,""
indagatoria,imputado,intelectual,OK,rojo,"Ha sido condenado por robo. Debe cumplir obligaciones y conocer su derecho a apelar",https://notificar-clara.vercel.app/n/abe18040-e41e-448f-b99b-dd0998a3639e,""
indagatoria,victima,,OK,rojo,"Usted ha sido condenado por robo. Conocé sus derechos y obligaciones",https://notificar-clara.vercel.app/n/f3dbb6ed-56ef-4836-a2f5-0bcadc653fbf,""
indagatoria,victima,visual,OK,rojo,"Lo han condenado por robo: esto es una sentencia judicial final",https://notificar-clara.vercel.app/n/6b56e5d0-7387-40cb-9598-eb632570a406,""
indagatoria,victima,auditiva,OK,rojo,"Usted ha sido condenado a 3 años de prisión en suspenso por robo",https://notificar-clara.vercel.app/n/6e94117b-f708-4efd-a7b6-eb4f719a4646,""
indagatoria,victima,motriz,OK,rojo,"Lo han condenado a prisión en suspenso por robo. Qué significa y qué debe hacer ahora.",https://notificar-clara.vercel.app/n/5288debb-851d-4f51-b7e1-4d586343e06f,""
indagatoria,victima,intelectual,OK,rojo,"Lo condenaron a prisión en suspenso por robo. Esto es lo que debe saber.",https://notificar-clara.vercel.app/n/8b100b6a-c6b3-4a28-889b-21c2501e4ac3,""
indagatoria,testigo,,OK,rojo,"Lo han condenado a tres años de prisión en suspenso por robo",https://notificar-clara.vercel.app/n/84d7af71-7e6d-46cc-893d-bd93fe8e067a,""
indagatoria,testigo,visual,OK,rojo,"Lo han condenado a tres años de prisión en suspenso por robo",https://notificar-clara.vercel.app/n/30b2ae71-092d-41f1-a3f1-d8d5a8f69965,""
indagatoria,testigo,auditiva,OK,rojo,"Usted ha sido condenado por robo. Esto es lo que debe saber.",https://notificar-clara.vercel.app/n/de78464a-2330-4a67-911d-0970919e8f68,""
indagatoria,testigo,motriz,OK,rojo,"Usted ha sido condenado por robo. Esto es una sentencia judicial definitiva.",https://notificar-clara.vercel.app/n/9bbd7048-0968-4ab9-b5f8-390211ec6c43,""
indagatoria,testigo,intelectual,OK,rojo,"Usted ha sido condenado a prisión en suspenso por robo. Esto es lo que significa",https://notificar-clara.vercel.app/n/76e13ae9-1b95-4c1d-b1f0-a17cd03da7a6,""
indagatoria,nna_0_6,,OK,rojo,"Usted ha sido condenado por robo. Esto es lo que significa y qué debe hacer ahora.",https://notificar-clara.vercel.app/n/c4e8cd5d-c8fd-41a5-8aa3-afbeafb9b96b,""
indagatoria,nna_0_6,visual,OK,rojo,"Lo han condenado a prisión en suspenso por robo. Esto es lo que debe saber.",https://notificar-clara.vercel.app/n/41b81888-83ea-4b16-8675-9b24820d0441,""
indagatoria,nna_0_6,auditiva,OK,rojo,"Lo condenaron por robo, pero no irá a prisión: tiene que cumplir obligaciones",https://notificar-clara.vercel.app/n/462d3b2b-319d-4e64-9c6c-5251b252eadc,""
indagatoria,nna_0_6,motriz,OK,rojo,"Ha sido condenado: debe conocer sus obligaciones y sus derechos",https://notificar-clara.vercel.app/n/fa52a374-414e-42e3-afcc-ff47a298c1a7,""
indagatoria,nna_0_6,intelectual,OK,rojo,"Usted ha sido condenado por robo: debe conocer sus derechos y obligaciones",https://notificar-clara.vercel.app/n/1d1e93f4-1baa-4b55-b044-69ea88688bc2,""
indagatoria,nna_7_12,,OK,rojo,"Lo condenaron a 3 años de prisión en suspenso por robo",https://notificar-clara.vercel.app/n/bc8c0733-94b9-4d61-9611-00e321dd60e3,""
indagatoria,nna_7_12,visual,OK,rojo,"La justicia lo condenó a 3 años de prisión en suspenso por robo",https://notificar-clara.vercel.app/n/4b50a6b4-df00-41b4-9f01-11f565836f7f,""
indagatoria,nna_7_12,auditiva,OK,rojo,"Le han condenado a prisión en suspenso por robo, con obligaciones que debe cumplir",https://notificar-clara.vercel.app/n/25e5b18d-b0ee-4b70-94c5-facfe6222ad3,""
indagatoria,nna_7_12,motriz,OK,rojo,"Usted ha sido condenado por robo. Aquí está explicado qué significa y qué debe hacer ahora.",https://notificar-clara.vercel.app/n/4d1557b2-3f99-4c6f-ac2c-c252cbe575a8,""
indagatoria,nna_7_12,intelectual,OK,rojo,"Usted ha sido condenado/a por robo. Esto es lo que significa y qué debe hacer ahora",https://notificar-clara.vercel.app/n/2de77596-8d1b-4cc0-98e0-056675b7d1d8,""
indagatoria,nna_13_17,,OK,rojo,"Ha sido condenado/a: conocé sus derechos y obligaciones",https://notificar-clara.vercel.app/n/69f21dd3-6d46-45e5-bc77-c79000572cbc,""
indagatoria,nna_13_17,visual,OK,rojo,"Lo han condenado a tres años en suspenso por robo. Esto es lo que debe saber.",https://notificar-clara.vercel.app/n/6b3f1b01-36c4-4c75-829e-fbcca2ea2bcd,""
indagatoria,nna_13_17,auditiva,OK,rojo,"Ha sido condenado por robo. Esto es lo que debe saber.",https://notificar-clara.vercel.app/n/5b1d7fa5-4df4-4ad7-8ec5-a739436ff5ce,""
indagatoria,nna_13_17,motriz,OK,rojo,"Lo han condenado a prisión en suspenso por robo. Esto es una sentencia y usted puede apelarla.",https://notificar-clara.vercel.app/n/f174b465-c448-4ba0-a109-085232bca59a,""
indagatoria,nna_13_17,intelectual,OK,rojo,"Usted ha sido condenado por robo. Debe cumplir condiciones importantes",https://notificar-clara.vercel.app/n/a0a41d58-ef55-46cd-9a3d-40ff5a890cf6,""
indagatoria,adulto_mayor,,OK,rojo,"Lo han condenado a tres años de prisión en suspenso por robo",https://notificar-clara.vercel.app/n/c9d2e2f1-4f14-47f1-8ae3-8c5d81691637,""
indagatoria,adulto_mayor,visual,OK,rojo,"La justicia lo ha condenado por robo. Estas son sus obligaciones y sus derechos.",https://notificar-clara.vercel.app/n/fea97641-59e7-4777-81e8-4df9b526b68d,""
indagatoria,adulto_mayor,auditiva,OK,rojo,"Usted ha sido condenado por robo. Estos son sus derechos y obligaciones.",https://notificar-clara.vercel.app/n/a1aab896-2e0e-4a4d-8a76-60a8bc17a6ad,""
indagatoria,adulto_mayor,motriz,OK,rojo,"Ha sido condenado a prisión en suspenso por robo. Conozca sus obligaciones y derechos",https://notificar-clara.vercel.app/n/5fa79eac-29d0-4c8a-885f-d6536128ae5d,""
indagatoria,adulto_mayor,intelectual,OK,rojo,"Usted ha sido condenado a prisión en suspenso. Conocer sus derechos y obligaciones",https://notificar-clara.vercel.app/n/c5c22ba8-5da1-43b0-a155-f53994063937,""
indagatoria,letrado,,OK,rojo,"Lo condenan a 3 años de prisión en suspenso por robo",https://notificar-clara.vercel.app/n/2f290632-f330-4cd6-9350-096acdf3310b,""
indagatoria,letrado,visual,OK,rojo,"Usted ha sido condenado por robo. Esto es lo que debe saber",https://notificar-clara.vercel.app/n/4e3fb377-821d-46b3-b94f-775cf0daba51,""
indagatoria,letrado,auditiva,OK,rojo,"Lo condenaron a 3 años de prisión en suspenso por robo. Debe cumplir obligaciones y tiene derecho a apelar.",https://notificar-clara.vercel.app/n/07d8e367-6821-4b4e-93eb-7cbbc3dd8ecc,""
indagatoria,letrado,motriz,OK,rojo,"Usted ha sido condenado a tres años de prisión en suspenso por robo",https://notificar-clara.vercel.app/n/bdebc57a-cce1-45f9-9e78-f237c90b2489,""
indagatoria,letrado,intelectual,OK,rojo,"Usted ha sido condenado por la justicia — aquí está explicado qué significa y qué debe hacer",https://notificar-clara.vercel.app/n/1ca07da7-6a74-4f03-8b1e-3cfa11052e8e,""
indagatoria,perito,,OK,rojo,"Lo han condenado a 3 años de prisión en suspenso por robo",https://notificar-clara.vercel.app/n/d177cc38-7cbf-49b1-b443-8277eb29b32f,""
indagatoria,perito,visual,OK,rojo,"Ha sido condenado: lo que significa esta sentencia y qué debe hacer ahora",https://notificar-clara.vercel.app/n/87ae66ad-3e0b-41ad-99fc-e96792f3c2f4,""
indagatoria,perito,auditiva,OK,rojo,"Lo condenaron por robo: qué significa y qué debe hacer ahora",https://notificar-clara.vercel.app/n/d203f7e4-6411-4a62-a472-259e41a36d4f,""
indagatoria,perito,motriz,OK,rojo,"Lo han condenado a tres años de prisión en suspenso por robo",https://notificar-clara.vercel.app/n/0864cf56-4cff-435c-ba2c-872a58856917,""
indagatoria,perito,intelectual,OK,rojo,"Usted ha sido condenado por robo. Esto es lo que debe saber",https://notificar-clara.vercel.app/n/380ca007-56e9-4847-a260-26f080ad8789,""
resolucion_civil,actor,,OK,rojo,"El Juzgado lo condenó por robo: 3 años en suspenso, presentaciones mensuales y 500 mil pesos de reparación",https://notificar-clara.vercel.app/n/b0e77daa-4732-4ada-a2ff-711b2ea0f0cf,""
resolucion_civil,actor,visual,OK,rojo,"Lo que decidió el juez sobre su caso de robo: condenado a 3 años de prisión en suspenso",https://notificar-clara.vercel.app/n/5fffbe9c-2cd6-4960-ac07-1444bdebe070,""
resolucion_civil,actor,auditiva,OK,rojo,"Usted ha sido condenado por robo. Debe cumplir con obligaciones específicas.",https://notificar-clara.vercel.app/n/0f0e882b-8439-4cd9-935e-f92ebcb48491,""
resolucion_civil,actor,motriz,OK,rojo,"La justicia lo condenó a 3 años de prisión en suspenso por robo",https://notificar-clara.vercel.app/n/fd87e3bb-b01d-40f3-a9a2-a3dc4702152c,""
resolucion_civil,actor,intelectual,OK,rojo,"El juez lo condenó por robo. Debe cumplir obligaciones y puede apelar",https://notificar-clara.vercel.app/n/a3ba48b3-8622-40d4-b89d-985b7f9c7aff,""
resolucion_civil,demandado,,OK,rojo,"Lo condenaron a 3 años de prisión en suspenso por robo, con obligaciones que debe cumplir",https://notificar-clara.vercel.app/n/a07ec1d1-c40e-4336-9040-d7fce8da33a6,""
resolucion_civil,demandado,visual,OK,rojo,"Lo condenaron por robo: tres años de prisión en suspenso y obligaciones que debe cumplir",https://notificar-clara.vercel.app/n/f227dea5-6901-4498-bf0d-f94e00f589c7,""
resolucion_civil,demandado,auditiva,OK,rojo,"Usted ha sido condenado por robo. El juez decidió su caso.",https://notificar-clara.vercel.app/n/ec9dadb3-f164-407a-a5e4-71fee8c4aaa8,""
resolucion_civil,demandado,motriz,OK,rojo,"Lo condenaron a 3 años de prisión en suspenso por robo. Debe cumplir obligaciones y puede apelar",https://notificar-clara.vercel.app/n/aa9bc39d-bf07-42aa-86da-e47b57c12844,""
resolucion_civil,demandado,intelectual,OK,rojo,"El juez lo condenó por robo: debe cumplir obligaciones y puede apelar",https://notificar-clara.vercel.app/n/1a7b6efe-13af-4322-9f32-b32677a281d8,""
resolucion_civil,imputado,,OK,rojo,"Usted ha sido condenado por robo. Esto es lo que debe saber.",https://notificar-clara.vercel.app/n/999d48ac-86e5-4aa7-b16c-4b88c773521d,""
resolucion_civil,imputado,visual,OK,rojo,"Lo han condenado a tres años de prisión en suspenso por robo",https://notificar-clara.vercel.app/n/09d3e5cf-3882-4d44-a183-d226702c3544,""
resolucion_civil,imputado,auditiva,OK,rojo,"El juez lo condenó por robo. Conocé qué debe hacer ahora.",https://notificar-clara.vercel.app/n/42f47af1-6b3e-4a47-9e7f-566d0b4c7a7a,""
resolucion_civil,imputado,motriz,OK,rojo,"Lo han condenado a prisión en suspenso por robo. Esto es lo que debe saber.",https://notificar-clara.vercel.app/n/e2ea33ec-257f-462a-986a-a5c4edf4735b,""
resolucion_civil,imputado,intelectual,OK,rojo,"Usted ha sido condenado por robo. Debe cumplir con obligaciones importantes.",https://notificar-clara.vercel.app/n/8a936a04-1c1c-4270-93f8-397bd2e20b91,""
resolucion_civil,victima,,OK,rojo,"Lo condenaron por robo, pero no irá preso de inmediato",https://notificar-clara.vercel.app/n/b1a0dd48-65c3-43dc-9d4e-6abb67232c29,""
resolucion_civil,victima,visual,OK,rojo,"El juez lo condenó por robo. Debe cumplir obligaciones específicas.",https://notificar-clara.vercel.app/n/612f30a3-4b27-4977-8749-e362740e6da1,""
resolucion_civil,victima,auditiva,OK,rojo,"El juez lo condenó por robo. Debe cumplir con obligaciones y puede apelar",https://notificar-clara.vercel.app/n/5e55a1e9-b4bd-4c63-ada9-3575875b6a9a,""
resolucion_civil,victima,motriz,OK,rojo,"Lo han condenado a tres años de prisión en suspenso por robo",https://notificar-clara.vercel.app/n/46df3c45-4946-418a-8e3b-3af6445c2c78,""
resolucion_civil,victima,intelectual,OK,rojo,"El juez lo condenó por robo: 3 años de prisión en suspenso y deberá pagar 500 mil pesos",https://notificar-clara.vercel.app/n/757a5329-f890-4b86-8378-7809faae420c,""
resolucion_civil,testigo,,OK,rojo,"Lo han condenado a prisión en suspenso por robo. Esto es lo que debe saber.",https://notificar-clara.vercel.app/n/9676d5df-f0aa-4f2c-b4a0-e666af010e74,""
resolucion_civil,testigo,visual,OK,rojo,"La justicia lo ha condenado por robo. Esto es lo que debe saber.",https://notificar-clara.vercel.app/n/81c2e9a6-e054-430d-b5ef-f8256a7a8580,""
resolucion_civil,testigo,auditiva,OK,rojo,"Usted ha sido condenado por robo. Esto es lo que debe saber.",https://notificar-clara.vercel.app/n/a8e068e0-5e99-47c4-b580-827bae113f74,""
resolucion_civil,testigo,motriz,OK,rojo,"Ha sido condenado/a por robo: prisión en suspenso, pago de dinero y obligaciones",https://notificar-clara.vercel.app/n/7cd01536-11c7-4218-b85f-abe8fb29ff3c,""
resolucion_civil,testigo,intelectual,OK,rojo,"El juez lo condenó por robo: debe cumplir con obligaciones y puede apelar",https://notificar-clara.vercel.app/n/85856bd2-6002-4d73-829f-e9ce3b0c9739,""
resolucion_civil,nna_0_6,,OK,rojo,"El juez lo condena a 3 años de prisión en suspenso por robo",https://notificar-clara.vercel.app/n/04a68561-9fa6-4544-8dd3-625911d56575,""
resolucion_civil,nna_0_6,visual,OK,rojo,"Usted ha sido condenado por robo: prisión en suspenso, obligaciones y plazo para apelar",https://notificar-clara.vercel.app/n/60077e9a-7d08-45a7-97e8-320d8f0fdb50,""
resolucion_civil,nna_0_6,auditiva,OK,rojo,"Lo condenan a 3 años de prisión en suspenso por robo",https://notificar-clara.vercel.app/n/72140b7c-22c5-4f99-ad9b-bb52ed8785ad,""
resolucion_civil,nna_0_6,motriz,OK,rojo,"Usted ha sido condenado por robo. Debe conocer sus obligaciones y derechos",https://notificar-clara.vercel.app/n/55a3f626-96cd-411c-81ac-aba544ac168c,""
resolucion_civil,nna_0_6,intelectual,OK,rojo,"Lo condenaron por robo: debe cumplir obligaciones y puede apelar",https://notificar-clara.vercel.app/n/f9f47e74-39ae-414c-85e4-44e9006b5e96,""
resolucion_civil,nna_7_12,,OK,rojo,"Lo han condenado por robo. Lo que debe saber y hacer ahora.",https://notificar-clara.vercel.app/n/c2ce4868-c675-4633-8647-0c7bb9124c5f,""
resolucion_civil,nna_7_12,visual,OK,rojo,"La justicia lo condenó: tiene 3 años de prisión suspendida y debe cumplir obligaciones",https://notificar-clara.vercel.app/n/71e7bacf-1177-4ab5-8ece-aea365e93364,""
resolucion_civil,nna_7_12,auditiva,OK,rojo,"Lo han condenado por robo. Debe cumplir obligaciones y puede impugnar la sentencia",https://notificar-clara.vercel.app/n/a8de171c-40d4-41d2-bdd9-baf34a5e0368,""
resolucion_civil,nna_7_12,motriz,OK,rojo,"Usted ha sido condenado por robo. Esto es lo que debe saber",https://notificar-clara.vercel.app/n/e72aefab-8223-4bb8-ac81-302f7707a55a,""
resolucion_civil,nna_7_12,intelectual,OK,rojo,"El juez ha tomado una decisión: usted fue condenado por robo",https://notificar-clara.vercel.app/n/dba0437c-0c15-4cf5-b0f8-07404f46040d,""
resolucion_civil,nna_13_17,,OK,rojo,"Lo condenaron a 3 años de prisión en suspenso por robo",https://notificar-clara.vercel.app/n/e98d22df-75a0-4d0b-a3eb-624544da5f0c,""
resolucion_civil,nna_13_17,visual,OK,rojo,"El juez lo condenó por robo. Esto es lo que debe saber y hacer.",https://notificar-clara.vercel.app/n/b1753bb7-f2d7-48b4-a84b-7f327e4c3ea2,""
resolucion_civil,nna_13_17,auditiva,OK,rojo,"Lo condenaron a prisión en suspenso por robo. Esto es lo que debe saber.",https://notificar-clara.vercel.app/n/e54addf2-100e-47e8-9a0d-758d0eb0d141,""
resolucion_civil,nna_13_17,motriz,OK,rojo,"Lo condenaron a 3 años de prisión en suspenso por robo. Debe cumplir obligaciones y puede apelar.",https://notificar-clara.vercel.app/n/b6b6787e-999f-4c9b-bc3e-5cc4b65f9e9b,""
resolucion_civil,nna_13_17,intelectual,OK,rojo,"El juez lo condenó a 3 años de prisión en suspenso por robo",https://notificar-clara.vercel.app/n/914f6de2-f39a-4d1b-b61c-28a81c927d35,""
resolucion_civil,adulto_mayor,,OK,rojo,"El juez lo condenó por robo. Debe cumplir con obligaciones específicas",https://notificar-clara.vercel.app/n/ce807c8b-e253-480c-8fcd-9150cc1edabd,""
resolucion_civil,adulto_mayor,visual,OK,rojo,"La justicia lo condenó a tres años de prisión en suspenso por robo",https://notificar-clara.vercel.app/n/e374a2a3-ac94-48da-9c18-ae92b3fb9b47,""
resolucion_civil,adulto_mayor,auditiva,OK,rojo,"La justicia lo ha condenado por robo. Esto es lo que debe saber y hacer.",https://notificar-clara.vercel.app/n/b31fc0e5-2f2f-4ed3-98ba-3c747daceafa,""
resolucion_civil,adulto_mayor,motriz,OK,rojo,"La justicia lo condenó por robo: lo que debe saber",https://notificar-clara.vercel.app/n/0a85950e-7142-4d22-9ebf-2fef9ef12683,""
resolucion_civil,adulto_mayor,intelectual,OK,rojo,"Lo que decidió el juez en su caso de robo",https://notificar-clara.vercel.app/n/3871d827-d8cb-4092-9a8c-887764caca0e,""
resolucion_civil,letrado,,OK,rojo,"Lo condenaron a prisión en suspenso y debe cumplir obligaciones",https://notificar-clara.vercel.app/n/9f585bca-aa93-464b-9ace-6a63180151b9,""
resolucion_civil,letrado,visual,OK,rojo,"Lo han condenado por robo: 3 años de prisión en suspenso y obligaciones que debe cumplir",https://notificar-clara.vercel.app/n/1fd96047-fa7c-479a-9daa-9250afb40f7c,""
resolucion_civil,letrado,auditiva,OK,rojo,"Lo han condenado por robo: 3 años de prisión en suspenso y obligaciones que debe cumplir",https://notificar-clara.vercel.app/n/3530fffa-2235-49c4-9664-52748dfdf54b,""
resolucion_civil,letrado,motriz,OK,rojo,"Lo han condenado por robo: debe cumplir penas y obligaciones",https://notificar-clara.vercel.app/n/596e9146-99df-4463-ba59-5ea7ce6f26d7,""
resolucion_civil,letrado,intelectual,OK,rojo,"Lo condenaron a 3 años de prisión en suspenso por robo. Debe pagar 500 mil pesos y cumplir obligaciones",https://notificar-clara.vercel.app/n/f4245668-dcd7-4caa-acd9-e0185d2c1d30,""
resolucion_civil,perito,,OK,rojo,"Ha sido condenado por robo. Conozca sus obligaciones y derechos",https://notificar-clara.vercel.app/n/fdba26e7-4eae-4bf5-b6d2-dc144c7a9969,""
resolucion_civil,perito,visual,OK,rojo,"Lo condenaron a 3 años de prisión en suspenso por robo",https://notificar-clara.vercel.app/n/32aaae9a-d018-46ac-a35b-8ff4585c2d64,""
resolucion_civil,perito,auditiva,OK,rojo,"El juez lo condenó por robo. Debe cumplir con obligaciones y tiene derecho a apelar",https://notificar-clara.vercel.app/n/7aa5cb7c-1a98-4c30-8164-9570c6ef0005,""
resolucion_civil,perito,motriz,OK,rojo,"La justicia lo ha condenado por robo: entienda la sentencia y sus obligaciones",https://notificar-clara.vercel.app/n/47ae39ac-d29e-495b-b4ac-a0ad2f68e89a,""
resolucion_civil,perito,intelectual,OK,rojo,"Lo condenaron a 3 años de prisión en suspenso por robo",https://notificar-clara.vercel.app/n/87aa9c8d-2129-41eb-a623-b88f46372381,""
resolucion_penal,actor,,OK,rojo,"Usted ha sido condenado a prisión en suspenso por robo",https://notificar-clara.vercel.app/n/f5d00a6c-7d7f-49b7-8475-4375f36d5926,""
resolucion_penal,actor,visual,OK,rojo,"Lo han condenado a tres años de prisión en suspenso por robo",https://notificar-clara.vercel.app/n/f3ba5eab-d950-4907-b66b-2531c963771c,""
resolucion_penal,actor,auditiva,OK,rojo,"Ha sido condenado por robo: 3 años de prisión en suspenso y obligaciones que debe cumplir",https://notificar-clara.vercel.app/n/7b5a7a14-9e39-430c-b787-f3a30cb92d7b,""
resolucion_penal,actor,motriz,OK,rojo,"Lo condenaron a prisión en suspenso y debe cumplir obligaciones",https://notificar-clara.vercel.app/n/47130b65-7a59-4261-a784-1219e54a76e6,""
resolucion_penal,actor,intelectual,OK,rojo,"Lo condenaron a tres años de prisión en suspenso por robo. Debe cumplir obligaciones y puede recurrir esta decisión.",https://notificar-clara.vercel.app/n/6786bb1e-62a9-4a7b-b78c-99c9a8551d90,""
resolucion_penal,demandado,,OK,rojo,"Lo han condenado a prisión en suspenso por robo. Esto es lo que significa y qué debe hacer.",https://notificar-clara.vercel.app/n/e0abcd5f-251f-4eba-8b33-8d3de004e484,""
resolucion_penal,demandado,visual,OK,rojo,"Ha sido condenado por robo. Conocé los detalles de la sentencia y qué debe hacer ahora",https://notificar-clara.vercel.app/n/b5b89dc5-22a9-4aff-9b39-352ac27eef9d,""
resolucion_penal,demandado,auditiva,OK,rojo,"Le han condenado a prisión en suspenso y debe cumplir obligaciones",https://notificar-clara.vercel.app/n/24b80855-3020-40d9-8fe6-46d65c455290,""
resolucion_penal,demandado,motriz,OK,rojo,"El juez lo condenó por robo. Debe cumplir condiciones importantes.",https://notificar-clara.vercel.app/n/9b9d47f6-4a13-478f-b930-fde091ac9a1d,""
resolucion_penal,demandado,intelectual,OK,rojo,"Lo condenaron a 3 años de prisión en suspenso por robo. Tiene derechos y obligaciones que debe cumplir.",https://notificar-clara.vercel.app/n/71d3d7ad-8446-439e-bc9d-ff5f079e24cb,""
resolucion_penal,imputado,,OK,rojo,"Ha sido condenado por robo: 3 años de prisión en suspenso y obligaciones que debe cumplir",https://notificar-clara.vercel.app/n/9a926935-8691-44f6-95a7-142ed6d6e136,""
resolucion_penal,imputado,visual,OK,rojo,"Usted ha sido condenado a tres años de prisión en suspenso por robo",https://notificar-clara.vercel.app/n/132f53a7-83f8-47a7-b7cc-5a8fb763c20e,""
resolucion_penal,imputado,auditiva,OK,rojo,"Usted ha sido condenado a prisión en suspenso por robo. Conozca sus obligaciones y cómo puede apelar",https://notificar-clara.vercel.app/n/b59f07d2-b5de-4b6e-83e4-c729a23831f3,""
resolucion_penal,imputado,motriz,OK,rojo,"Lo han condenado a tres años de prisión en suspenso por robo",https://notificar-clara.vercel.app/n/af91b612-3ee7-4f20-921d-52bc40a38b07,""
resolucion_penal,imputado,intelectual,OK,rojo,"Usted ha sido condenado a prisión en suspenso y debe cumplir obligaciones específicas",https://notificar-clara.vercel.app/n/2be06c89-3695-405c-819a-44505d675e4a,""
resolucion_penal,victima,,OK,rojo,"Le han condenado a tres años de prisión en suspenso por robo",https://notificar-clara.vercel.app/n/a72f82c0-eca7-4385-b679-59388a8616ea,""
resolucion_penal,victima,visual,OK,rojo,"Usted ha sido condenado por robo — aquí están sus obligaciones y derechos",https://notificar-clara.vercel.app/n/2d4e2032-e64e-4fce-9d31-05be164c8d4a,""
resolucion_penal,victima,auditiva,OK,rojo,"El juzgado lo ha condenado por robo. Esto es lo que debe saber.",https://notificar-clara.vercel.app/n/462501dc-a997-46a5-9210-9d8af8bba43b,""
resolucion_penal,victima,motriz,OK,rojo,"Lo han condenado a 3 años de prisión en suspenso por robo",https://notificar-clara.vercel.app/n/e865db92-189f-4058-9b28-b4aaf0654fa8,""
resolucion_penal,victima,intelectual,OK,rojo,"Lo condenaron por robo: 3 años de prisión en suspenso y obligaciones que debe cumplir",https://notificar-clara.vercel.app/n/d5a8f82e-1deb-4345-897d-e445aa3cbf8c,""
resolucion_penal,testigo,,OK,rojo,"El juez lo ha condenado por robo. Debe cumplir obligaciones y puede apelar en 10 días",https://notificar-clara.vercel.app/n/db150893-5f72-41e7-bfa4-be0309e910bd,""
resolucion_penal,testigo,visual,OK,rojo,"Usted ha sido condenado por robo. Aquí está explicado qué significa y qué debe hacer ahora.",https://notificar-clara.vercel.app/n/e67fe394-fc25-48d6-9c62-2e5c265b124a,""
resolucion_penal,testigo,auditiva,OK,rojo,"Lo condenaron a prisión en suspenso por robo. Debe cumplir obligaciones y puede apelar.",https://notificar-clara.vercel.app/n/cb4b4d64-c08b-4dbe-ae34-335c9b8e55b2,""
resolucion_penal,testigo,motriz,OK,rojo,"Lo han condenado a 3 años de prisión en suspenso por robo",https://notificar-clara.vercel.app/n/128a844e-9542-4475-bbe3-99eb9217bc2d,""
resolucion_penal,testigo,intelectual,OK,rojo,"Usted ha sido condenado por robo. Esto es lo que debe saber.",https://notificar-clara.vercel.app/n/aced5737-fc3e-4915-ac45-bdb5b59510a8,""
resolucion_penal,nna_0_6,,OK,rojo,"Lo condenaron a prisión en suspenso por robo y debe cumplir obligaciones",https://notificar-clara.vercel.app/n/cdc373f7-0a94-4723-8839-b7433d6e0d09,""
resolucion_penal,nna_0_6,visual,OK,rojo,"Lo condenan a 3 años de prisión en suspenso por robo: qué significa y qué debe hacer",https://notificar-clara.vercel.app/n/ddf80b49-d7ca-4b5d-bc6d-13090b7b7e5c,""
resolucion_penal,nna_0_6,auditiva,OK,rojo,"El juez lo ha condenado a 3 años en suspenso por robo. Debe cumplir obligaciones y puede apelar.",https://notificar-clara.vercel.app/n/ce545aaa-7887-4259-9514-ed8e8cecdb49,""
resolucion_penal,nna_0_6,motriz,OK,rojo,"Usted ha sido condenado por robo: prisión en suspenso y obligaciones que debe cumplir",https://notificar-clara.vercel.app/n/c8fcf9a4-ffea-439f-aec7-ecc164fb90f6,""
resolucion_penal,nna_0_6,intelectual,OK,rojo,"Lo condenaron a prisión en suspenso por robo. Esto es lo que debe saber.",https://notificar-clara.vercel.app/n/fb3632fc-7671-488c-96fd-5bcfd039c133,""
resolucion_penal,nna_7_12,,OK,rojo,"La justicia lo condenó por robo: tiene 3 años de prisión suspendida y debe cumplir obligaciones",https://notificar-clara.vercel.app/n/9c862a8a-04a5-4448-9a3d-25889bf337c9,""
resolucion_penal,nna_7_12,visual,OK,rojo,"Usted ha sido condenado: qué significa la decisión del juez",https://notificar-clara.vercel.app/n/e98ad4f7-88b1-4787-adb8-68d32cab4657,""
resolucion_penal,nna_7_12,auditiva,OK,rojo,"Lo condenaron: tiene 3 años de prisión en suspenso y debe cumplir obligaciones",https://notificar-clara.vercel.app/n/3f5090db-7e6c-43e7-95f1-1da259a62022,""
resolucion_penal,nna_7_12,motriz,OK,rojo,"La justicia lo condenó: 3 años de prisión en suspenso y debe pagar 500 mil pesos",https://notificar-clara.vercel.app/n/b4c4a6a4-fd91-4378-b102-2697d177dfbd,""
resolucion_penal,nna_7_12,intelectual,OK,rojo,"Usted ha sido condenado/a por robo. Conocé qué significa esto y qué debe hacer ahora",https://notificar-clara.vercel.app/n/992c257a-6ddc-420a-a5d0-aae3c8e14f79,""
resolucion_penal,nna_13_17,,OK,rojo,"El juez lo ha condenado por robo: tres años de prisión en suspenso y obligaciones que debe cumplir",https://notificar-clara.vercel.app/n/bb4c7dcd-02b3-4215-b5b0-a65551ab1930,""
resolucion_penal,nna_13_17,visual,OK,rojo,"Usted ha sido condenado por robo. Esto es lo que debe saber.",https://notificar-clara.vercel.app/n/fe9504f4-a579-4926-b191-e3d1936c6de7,""
resolucion_penal,nna_13_17,auditiva,OK,rojo,"Lo que decidió el juez: usted fue encontrado culpable de robo y tiene que cumplir con obligaciones",https://notificar-clara.vercel.app/n/da142302-d7d2-4805-95da-d3904c0df8ca,""
resolucion_penal,nna_13_17,motriz,OK,rojo,"Lo que dice la justicia sobre su caso: condenado a tres años de prisión en suspenso",https://notificar-clara.vercel.app/n/3770a7a1-9abb-4bc0-aec1-ed210c9e7368,""
resolucion_penal,nna_13_17,intelectual,OK,rojo,"Lo han condenado a prisión en suspenso por robo. Esto es lo que debe saber y hacer.",https://notificar-clara.vercel.app/n/58b149c6-322f-4f39-bc11-cb0ffe4962b2,""
resolucion_penal,adulto_mayor,,OK,rojo,"El juez lo ha condenado por robo. Estas son sus obligaciones y sus derechos.",https://notificar-clara.vercel.app/n/b526c4ff-9888-4b0a-b47d-850f15db1672,""
resolucion_penal,adulto_mayor,visual,OK,rojo,"Usted ha sido condenado por robo. La justicia le impone penas y obligaciones.",https://notificar-clara.vercel.app/n/12decd5e-dbe4-4c02-8f93-8d285683c70f,""
resolucion_penal,adulto_mayor,auditiva,OK,rojo,"Lo que el juez decidió sobre su caso de robo",https://notificar-clara.vercel.app/n/014f3a0b-4acd-45ef-a9a5-b1825803b93e,""
resolucion_penal,adulto_mayor,motriz,OK,rojo,"Lo que decidió el juez: usted fue condenado por robo",https://notificar-clara.vercel.app/n/5fc63ee1-1cfa-4b86-863d-fe8b785ff9b9,""
resolucion_penal,adulto_mayor,intelectual,OK,rojo,"Lo que decidió el juez después del juicio: lo condenan a prisión en suspenso",https://notificar-clara.vercel.app/n/8469d84f-f9ab-4e03-98de-67950c97d67b,""
resolucion_penal,letrado,,OK,rojo,"La justicia lo condenó a tres años de prisión en suspenso por robo",https://notificar-clara.vercel.app/n/cc85a1c8-5f29-4418-8732-e95407da9f18,""
resolucion_penal,letrado,visual,OK,rojo,"Lo han condenado a tres años de prisión en suspenso por robo",https://notificar-clara.vercel.app/n/6e3f734d-7a9f-4e75-9046-facabc38c97c,""
resolucion_penal,letrado,auditiva,OK,rojo,"Ha sido condenado por robo. Debe cumplir obligaciones y puede recurrir la sentencia",https://notificar-clara.vercel.app/n/5dba4765-2390-49c2-b60c-60768aeeb7d3,""
resolucion_penal,letrado,motriz,OK,rojo,"Usted ha sido condenado a tres años de prisión en suspenso por robo",https://notificar-clara.vercel.app/n/55d1143b-d6b4-41d5-9ace-8bf593b88244,""
resolucion_penal,letrado,intelectual,OK,rojo,"La justicia lo ha condenado por robo. Esto es lo que significa y qué debe hacer ahora.",https://notificar-clara.vercel.app/n/24698951-7342-4eea-a4af-70ac0886da36,""
resolucion_penal,perito,,OK,rojo,"Lo condenaron a prisión en suspenso por robo. Esto es lo que debe saber.",https://notificar-clara.vercel.app/n/13bdb19e-4a6e-4e0a-9d3d-0768c72b1a97,""
resolucion_penal,perito,visual,OK,rojo,"Lo condenaron a 3 años de prisión en suspenso por robo",https://notificar-clara.vercel.app/n/e13c4730-febf-488d-8475-21fff1eb5c20,""
resolucion_penal,perito,auditiva,OK,rojo,"Usted ha sido condenado por robo. Aquí están sus obligaciones y sus derechos",https://notificar-clara.vercel.app/n/31a27298-679e-4902-8bcc-3cfa5650420c,""
resolucion_penal,perito,motriz,OK,rojo,"Lo han condenado a 3 años de prisión en suspenso por robo",https://notificar-clara.vercel.app/n/74533e15-40d4-4c38-9a33-f0ed065053f0,""
resolucion_penal,perito,intelectual,OK,rojo,"El juez lo condenó por robo. Debe cumplir obligaciones y puede reclamar ante la Cámara de Apelaciones",https://notificar-clara.vercel.app/n/a0df36ce-0279-4459-a627-732d1b6a489b,""
sentencia_civil,actor,,OK,rojo,"Usted ha sido condenado por robo. Estas son sus obligaciones y sus derechos",https://notificar-clara.vercel.app/n/d9c1e7db-a328-4e3a-a1d1-fdef41e88706,""
sentencia_civil,actor,visual,OK,rojo,"El juez lo condenó por robo: debe cumplir obligaciones y puede apelar",https://notificar-clara.vercel.app/n/69c3842d-ed29-446d-8d8c-8b873743a323,""
sentencia_civil,actor,auditiva,OK,rojo,"Usted ha sido condenado a prisión en suspenso por robo. Debe cumplir con obligaciones y puede apelar",https://notificar-clara.vercel.app/n/e0fde2ae-5ec1-4752-a99a-9c93a41d1922,""
sentencia_civil,actor,motriz,OK,rojo,"Lo han condenado a tres años de prisión en suspenso por robo. Acá está explicado qué significa y qué debe hacer ahora.",https://notificar-clara.vercel.app/n/2a685ddb-cf94-48f0-b5fc-24512910790b,""
sentencia_civil,actor,intelectual,OK,rojo,"Lo condenaron por robo. Debe cumplir con obligaciones y puede apelar.",https://notificar-clara.vercel.app/n/20cfe2bb-d2a6-4fff-9263-1ea73e404a61,""
sentencia_civil,demandado,,OK,rojo,"Lo condenaron a prisión en suspenso por robo. Esto es lo que debe saber.",https://notificar-clara.vercel.app/n/86bc9045-dca5-496b-8df6-c508db00c0df,""
sentencia_civil,demandado,visual,OK,rojo,"Lo condenaron por robo. Detalles de la sentencia y qué debe hacer ahora",https://notificar-clara.vercel.app/n/7faab5a1-2c51-4720-8e45-c5651a310b70,""
sentencia_civil,demandado,auditiva,OK,rojo,"Lo han condenado por robo. Aquí está la sentencia del juez.",https://notificar-clara.vercel.app/n/880b6bec-f43c-4c41-ba9d-6fab1130eea0,""
sentencia_civil,demandado,motriz,OK,rojo,"Lo que decidió el juez sobre su caso de robo",https://notificar-clara.vercel.app/n/abc5915d-d7c5-426c-bade-8990b265ae32,""
sentencia_civil,demandado,intelectual,OK,rojo,"Lo condenaron: debe cumplir con obligaciones y puede apelar",https://notificar-clara.vercel.app/n/3db4e41e-c6e5-41e6-9fc7-f800ebf4fa85,""
sentencia_civil,imputado,,OK,rojo,"Lo han condenado a 3 años de prisión en suspenso por robo",https://notificar-clara.vercel.app/n/808c130c-5345-48f3-995f-2e185edf22a5,""
sentencia_civil,imputado,visual,OK,rojo,"Usted ha sido condenado por robo. Conocé la sentencia y qué debe hacer ahora",https://notificar-clara.vercel.app/n/d23aaa0c-0e56-4449-bb7a-b727694439fb,""
sentencia_civil,imputado,auditiva,OK,rojo,"Usted ha sido condenado por robo. La sentencia le impone pena de prisión en suspenso y obligaciones económicas",https://notificar-clara.vercel.app/n/93f8714c-5219-41ab-b8f7-9b140e405520,""
sentencia_civil,imputado,motriz,OK,rojo,"Lo condenaron por robo: prisión en suspenso y obligaciones que debe cumplir",https://notificar-clara.vercel.app/n/4d2e3dcf-0836-451e-bde6-4f666ca80d78,""
sentencia_civil,imputado,intelectual,OK,rojo,"Le han condenado a prisión en suspenso y debe pagar reparación del daño",https://notificar-clara.vercel.app/n/0c039363-f5e0-4f33-b5a0-fc28630d7f14,""
sentencia_civil,victima,,OK,rojo,"Lo han condenado a prisión en suspenso por robo, pero debe cumplir obligaciones importantes",https://notificar-clara.vercel.app/n/ab90942e-9779-4fde-b0bd-78df6338f79c,""
sentencia_civil,victima,visual,OK,rojo,"Ha sido condenado por robo. Entienda qué debe hacer ahora",https://notificar-clara.vercel.app/n/7bf0de40-fc6a-4db8-b018-039e34dfc8e0,""
sentencia_civil,victima,auditiva,OK,rojo,"El juez lo ha condenado por robo. Esto es lo que debe saber.",https://notificar-clara.vercel.app/n/7a2e000b-91bd-4aeb-a337-0759516d3e31,""
sentencia_civil,victima,motriz,OK,rojo,"Ha sido condenado: 3 años de prisión en suspenso y debe pagar 500 mil pesos",https://notificar-clara.vercel.app/n/5532e7d7-de9b-43d0-a7bc-0e250b41090e,""
sentencia_civil,victima,intelectual,OK,rojo,"Lo condenaron a tres años en suspenso por robo, debe pagar 500 mil pesos y cumplir obligaciones",https://notificar-clara.vercel.app/n/8ead7f52-06ff-419a-bcfd-74a8933cb050,""
sentencia_civil,testigo,,OK,rojo,"Ha sido condenado por robo. La sentencia le impone prisión en suspenso, obligaciones y una multa",https://notificar-clara.vercel.app/n/a2974476-7d4c-4a11-af62-e08325d65cd8,""
sentencia_civil,testigo,visual,OK,rojo,"Usted ha sido condenado por robo. Aquí está la sentencia del juez.",https://notificar-clara.vercel.app/n/885dd506-1763-4985-abd8-df0aa0f831a1,""
sentencia_civil,testigo,auditiva,OK,rojo,"Ha sido condenado por robo. Le explico la sentencia y sus derechos",https://notificar-clara.vercel.app/n/0dbbebe4-e332-471f-b100-821efe10f778,""
sentencia_civil,testigo,motriz,OK,rojo,"Le han condenado a tres años de prisión en suspenso por robo",https://notificar-clara.vercel.app/n/5d565efc-f819-441b-8190-382ad8159d40,""
sentencia_civil,testigo,intelectual,OK,rojo,"Usted ha sido condenado por robo: debe cumplir obligaciones y puede apelar",https://notificar-clara.vercel.app/n/e4194848-fc70-4f14-9e69-c6f56032844e,""
sentencia_civil,nna_0_6,,OK,rojo,"Ha sido condenado por robo. Debe conocer sus obligaciones y derechos de apelación.",https://notificar-clara.vercel.app/n/eb147efa-583e-4b28-ba2e-c87ec9d3214b,""
sentencia_civil,nna_0_6,visual,OK,rojo,"Lo han condenado a tres años de prisión en suspenso por robo",https://notificar-clara.vercel.app/n/44d43721-f3bb-4f6c-b267-e205dffd90b8,""
sentencia_civil,nna_0_6,auditiva,OK,rojo,"Lo condenaron a prisión en suspenso por robo. Debe cumplir obligaciones y puede apelar.",https://notificar-clara.vercel.app/n/3898072d-d14b-4172-9f68-26fa75053cf9,""
sentencia_civil,nna_0_6,motriz,OK,rojo,"Ha sido condenado por robo. Esto es lo que debe hacer ahora.",https://notificar-clara.vercel.app/n/00dba35d-1a1e-4f08-8ca9-f0a9dc5fe62c,""
sentencia_civil,nna_0_6,intelectual,OK,rojo,"Lo que dice la justicia después del juicio: usted fue condenado por robo",https://notificar-clara.vercel.app/n/ad933285-fec7-45df-8caf-d7a32bdb6bf5,""
sentencia_civil,nna_7_12,,OK,rojo,"Usted ha sido condenado por robo. La sentencia le impone pena de prisión suspendida y obligaciones que debe cumplir",https://notificar-clara.vercel.app/n/5ef6a294-ac33-4c4c-90a4-2c122ff738aa,""
sentencia_civil,nna_7_12,visual,OK,rojo,"Lo han condenado a prisión en suspenso por robo. Debe cumplir obligaciones y puede apelar.",https://notificar-clara.vercel.app/n/0b8f86ee-f772-453b-b9df-08d0c8c95cff,""
sentencia_civil,nna_7_12,auditiva,OK,rojo,"El juez lo condenó por robo. Debe pagar dinero y cumplir obligaciones",https://notificar-clara.vercel.app/n/33107717-8480-407b-9ee6-3ca924725070,""
sentencia_civil,nna_7_12,motriz,OK,rojo,"Lo condenaron a prisión en suspenso y debe pagar reparación del daño",https://notificar-clara.vercel.app/n/4583b9f5-71c1-4326-a4b0-624c5ae081f1,""
sentencia_civil,nna_7_12,intelectual,OK,rojo,"Lo que decidió el juez sobre el caso de robo",https://notificar-clara.vercel.app/n/4bc273f1-a902-465f-aa04-78f9233af4da,""
sentencia_civil,nna_13_17,,OK,rojo,"Lo han condenado a prisión en suspenso por robo, con obligaciones que debe cumplir",https://notificar-clara.vercel.app/n/178968d4-7e48-4ce4-baa1-0dc13915a867,""
sentencia_civil,nna_13_17,visual,OK,rojo,"La justicia lo condenó a prisión en suspenso por robo. Esto es lo que debe saber.",https://notificar-clara.vercel.app/n/dbcf9296-e45e-4bc7-908e-d9099c5ab983,""
sentencia_civil,nna_13_17,auditiva,OK,rojo,"Lo han condenado por robo: 3 años de prisión en suspenso y obligaciones que debe cumplir",https://notificar-clara.vercel.app/n/8ab074db-6163-4dce-8a25-75b698788e79,""
sentencia_civil,nna_13_17,motriz,OK,rojo,"Usted ha sido condenado por robo. Debe cumplir obligaciones y puede apelar esta sentencia",https://notificar-clara.vercel.app/n/95b72f20-8163-4e69-b743-58d066e6078b,""
sentencia_civil,nna_13_17,intelectual,OK,rojo,"Ha sido condenado por robo. Debe cumplir obligaciones y puede apelar esta sentencia.",https://notificar-clara.vercel.app/n/3a6b1bb1-f0f3-4b1d-96e0-4b33ec72b699,""
sentencia_civil,adulto_mayor,,OK,rojo,"Lo han condenado por robo: detalles de la pena y lo que tiene que hacer ahora",https://notificar-clara.vercel.app/n/8479d7dd-d981-4594-b5e2-c107b81a9413,""
sentencia_civil,adulto_mayor,visual,OK,rojo,"Ha sido condenado por robo. Esto es lo que debe saber.",https://notificar-clara.vercel.app/n/565ad0ae-abf0-4246-bc4b-faf387106468,""
sentencia_civil,adulto_mayor,auditiva,OK,rojo,"El juez lo ha condenado por robo. Aquí está la sentencia completa.",https://notificar-clara.vercel.app/n/65ad9ed0-ddf0-4c2f-acc6-5a1f8d851da8,""
sentencia_civil,adulto_mayor,motriz,OK,rojo,"El juez lo condenó por robo: debe cumplir obligaciones y puede apelar",https://notificar-clara.vercel.app/n/cc4536b1-d16f-441c-a347-aee5dae17863,""
sentencia_civil,adulto_mayor,intelectual,OK,rojo,"Usted ha sido condenado por robo. La sentencia le impone prisión en suspenso y otras obligaciones.",https://notificar-clara.vercel.app/n/b735bb66-d6bc-4162-89b2-5da1ea3607d5,""
sentencia_civil,letrado,,OK,rojo,"Usted ha sido condenado por robo. La justicia le impone pena de prisión en suspenso y otras obligaciones",https://notificar-clara.vercel.app/n/f1aa9630-b9ca-4c3a-b130-8a9cfcb0dd01,""
sentencia_civil,letrado,visual,OK,rojo,"Lo condenaron por robo: debe cumplir con varias obligaciones",https://notificar-clara.vercel.app/n/10d7df28-3061-4863-9659-cd54d81379e3,""
sentencia_civil,letrado,auditiva,OK,rojo,"Usted ha sido condenado por robo. Qué significa esta sentencia y qué debe hacer ahora",https://notificar-clara.vercel.app/n/fd4e5444-750c-4c13-90a0-93d9e01ca863,""
sentencia_civil,letrado,motriz,OK,rojo,"Usted ha sido condenado por robo. Debe cumplir con obligaciones y puede apelar",https://notificar-clara.vercel.app/n/7b67d70c-5095-4c57-a32f-64fee3c96d99,""
sentencia_civil,letrado,intelectual,OK,rojo,"Le condenaron a 3 años de prisión en suspenso por robo",https://notificar-clara.vercel.app/n/12d9c41a-7a63-4143-a4bd-102f0d89f0f1,""
sentencia_civil,perito,,OK,rojo,"Usted ha sido condenado por robo. Debe cumplir obligaciones y puede apelar esta sentencia",https://notificar-clara.vercel.app/n/81a1caba-33b1-417d-affd-cff76cc2f6ae,""
sentencia_civil,perito,visual,OK,rojo,"Lo condenaron a tres años de prisión en suspenso por robo. Debe pagar 500.000 pesos y cumplir condiciones",https://notificar-clara.vercel.app/n/80154da2-a258-4809-9030-f74a822abc0e,""
sentencia_civil,perito,auditiva,OK,rojo,"Lo han condenado por robo: tres años de prisión en suspenso y debe pagar 500 mil pesos",https://notificar-clara.vercel.app/n/27d2d61f-d016-42f0-a6f9-c903556ee177,""
sentencia_civil,perito,motriz,OK,rojo,"Usted ha sido condenado por robo simple con pena de prisión en suspenso",https://notificar-clara.vercel.app/n/98012579-e1d4-4dcd-a6b7-db3fe48943bf,""
sentencia_civil,perito,intelectual,OK,rojo,"El juez lo ha condenado por robo. Usted tiene que cumplir con obligaciones específicas y puede apelar esta decisión",https://notificar-clara.vercel.app/n/bd7bb26f-dcce-4cbf-ab69-60b998f9b27d,""
sentencia_penal,actor,,OK,rojo,"Le comunicamos la sentencia: usted ha sido condenado por robo",https://notificar-clara.vercel.app/n/ff7b2cfa-dc2e-4c19-acba-fed2c86de6a1,""
sentencia_penal,actor,visual,OK,rojo,"El juez lo condenó por robo. Qué significa y qué debe hacer ahora",https://notificar-clara.vercel.app/n/8c8aae1d-beb8-41cb-9441-2da4d5692f22,""
sentencia_penal,actor,auditiva,OK,rojo,"Lo condenaron a 3 años de prisión en suspenso por robo. Debe cumplir obligaciones y pagar 500 mil pesos",https://notificar-clara.vercel.app/n/255ecdc3-b709-4f7d-a940-7d46a77e70da,""
sentencia_penal,actor,motriz,OK,rojo,"Lo condenaron por robo, pero no irá preso ahora",https://notificar-clara.vercel.app/n/9d8c6c2f-c7f1-4e7c-9c78-ab02df772609,""
sentencia_penal,actor,intelectual,OK,rojo,"La justicia lo condenó por robo. Entienda cuál es su situación ahora",https://notificar-clara.vercel.app/n/b306005a-c7fb-4de7-bea5-728dd1e3e6eb,""
sentencia_penal,demandado,,OK,rojo,"Usted ha sido condenado por robo. Aquí está explicado qué significa la sentencia y qué debe hacer ahora",https://notificar-clara.vercel.app/n/2411dc69-1aeb-4c3c-9129-512a23bc40df,""
sentencia_penal,demandado,visual,OK,rojo,"Ha sido condenado por robo. Conocé la sentencia y sus consecuencias",https://notificar-clara.vercel.app/n/1de9b13e-3859-41c0-8ec8-4c1b82dfb732,""
sentencia_penal,demandado,auditiva,OK,rojo,"Le condenan a 3 años de prisión en suspenso por robo",https://notificar-clara.vercel.app/n/f944a069-b56e-49b7-b104-0430343788a9,""
sentencia_penal,demandado,motriz,OK,rojo,"El juez lo condenó por robo. Debe cumplir obligaciones y puede apelar.",https://notificar-clara.vercel.app/n/ae3496c0-e309-48d5-91c0-8f0a5e296abd,""
sentencia_penal,demandado,intelectual,OK,rojo,"Usted ha sido condenado por robo. Lo que significa y qué debe hacer ahora",https://notificar-clara.vercel.app/n/04c90c82-9108-4313-be78-a9ee163f9d5f,""
sentencia_penal,imputado,,OK,rojo,"Usted ha sido condenado por robo. Esto es lo que debe saber",https://notificar-clara.vercel.app/n/123ecd50-e76a-41a1-8ae4-1aa9eab5018d,""
sentencia_penal,imputado,visual,OK,rojo,"Usted ha sido condenado a tres años de prisión en suspenso por robo",https://notificar-clara.vercel.app/n/6017ac00-587f-45ef-8df1-0171bb27eec4,""
sentencia_penal,imputado,auditiva,OK,rojo,"Lo condenaron a 3 años de prisión en suspenso por robo",https://notificar-clara.vercel.app/n/e8ea3c49-990b-4f7f-8660-70af72fcc92d,""
sentencia_penal,imputado,motriz,OK,rojo,"Usted ha sido condenado por robo. Entenda la sentencia y sus obligaciones.",https://notificar-clara.vercel.app/n/2b0c4f1b-bce3-4a58-b8c7-c7aac1931d08,""
sentencia_penal,imputado,intelectual,OK,rojo,"Ha sido condenado por robo: 3 años de prisión en suspenso y obligaciones que debe cumplir",https://notificar-clara.vercel.app/n/c9223e3c-7e6a-4a89-b901-9225fa0029e3,""
sentencia_penal,victima,,OK,rojo,"Lo han condenado por robo: 3 años de prisión en suspenso",https://notificar-clara.vercel.app/n/fa4a831f-7bcd-45d8-938b-09dc6ad3ae02,""
sentencia_penal,victima,visual,OK,rojo,"Lo condenaron a 3 años de prisión en suspenso por robo",https://notificar-clara.vercel.app/n/024657e6-5be8-4ae8-accc-2de67fb7dd3e,""
sentencia_penal,victima,auditiva,OK,rojo,"Lo condenaron a 3 años de prisión en suspenso por robo",https://notificar-clara.vercel.app/n/71eff0a9-806a-497a-a33c-e5385d745b3d,""
sentencia_penal,victima,motriz,OK,rojo,"Le condenan a 3 años de prisión en suspenso por robo",https://notificar-clara.vercel.app/n/baf5deca-961b-4174-a623-e88791144403,""
sentencia_penal,victima,intelectual,OK,rojo,"Lo condenaron a 3 años de prisión en suspenso por robo. Esto es lo que significa.",https://notificar-clara.vercel.app/n/d1889376-a5d4-4dda-a2dd-d9f59ab21a1a,""
sentencia_penal,testigo,,OK,rojo,"Ha sido condenado por robo. Conocé la sentencia y qué debe hacer ahora.",https://notificar-clara.vercel.app/n/c6af9b2a-9be1-4728-841b-2764a5a7ac81,""
sentencia_penal,testigo,visual,OK,rojo,"Lo condenaron a 3 años de prisión en suspenso por robo",https://notificar-clara.vercel.app/n/926ce198-070c-45f7-a7c6-fc92e170ac1b,""
sentencia_penal,testigo,auditiva,OK,rojo,"Lo condenaron a 3 años de prisión en suspenso por robo",https://notificar-clara.vercel.app/n/f66f0cfd-5809-4672-8986-dc03b781af82,""
sentencia_penal,testigo,motriz,OK,rojo,"Lo condenaron a 3 años de prisión en suspenso por robo. Puede apelar dentro de 10 días.",https://notificar-clara.vercel.app/n/611a5d42-3fa3-4fd9-999c-01d4bbcc2570,""
sentencia_penal,testigo,intelectual,OK,rojo,"Lo condenaron a 3 años de prisión en suspenso por robo",https://notificar-clara.vercel.app/n/67e12ed7-2086-46ae-9905-a1d348216204,""
sentencia_penal,nna_0_6,,OK,rojo,"Ha sido condenado por robo. Debe conocer sus obligaciones y su derecho a apelar",https://notificar-clara.vercel.app/n/7e2a337c-1b0d-4d20-be0f-67b1b2fb01a1,""
sentencia_penal,nna_0_6,visual,OK,rojo,"Lo condenaron a 3 años de prisión en suspenso por robo",https://notificar-clara.vercel.app/n/c56ea13f-48e5-46c2-b3ba-3a1d88482f55,""
sentencia_penal,nna_0_6,auditiva,OK,rojo,"Lo han condenado a 3 años de prisión en suspenso por robo. Esto es lo que debe saber.",https://notificar-clara.vercel.app/n/c32619d8-6c8e-49f1-9a37-80b5c84bf06a,""
sentencia_penal,nna_0_6,motriz,OK,rojo,"Usted ha sido condenado por robo. Conoce sus obligaciones y su derecho a apelar",https://notificar-clara.vercel.app/n/bd31c56c-700b-4797-a6e4-da4d1392cd6c,""
sentencia_penal,nna_0_6,intelectual,OK,rojo,"Lo condenaron a 3 años de prisión en suspenso por robo. Conocé qué significa y qué puede hacer ahora.",https://notificar-clara.vercel.app/n/7c8904e8-a644-4ee7-a28b-da3279915c28,""
sentencia_penal,nna_7_12,,OK,rojo,"Lo condenaron a 3 años de prisión en suspenso por robo",https://notificar-clara.vercel.app/n/20b56c97-ec0c-4062-9070-ec6a65418a55,""
sentencia_penal,nna_7_12,visual,OK,rojo,"Lo condenaron a 3 años de prisión en suspenso por robo. Esto es lo que debe saber.",https://notificar-clara.vercel.app/n/d07f751d-77fb-46a1-b12e-22851a40824a,""
sentencia_penal,nna_7_12,auditiva,OK,rojo,"Lo han condenado a 3 años de prisión en suspenso por robo",https://notificar-clara.vercel.app/n/ddab339f-9eeb-4860-a217-58ec4d7e092e,""
sentencia_penal,nna_7_12,motriz,OK,rojo,"Usted ha sido condenado por robo. Esto es lo que debe saber",https://notificar-clara.vercel.app/n/a1a6a536-5f96-426c-b1fa-f95660909ece,""
sentencia_penal,nna_7_12,intelectual,OK,rojo,"La justicia lo condenó: 3 años de prisión en suspenso por robo",https://notificar-clara.vercel.app/n/1041cc87-216d-4306-98ee-0701e48f4683,""
sentencia_penal,nna_13_17,,OK,rojo,"Lo condenaron a 3 años de prisión en suspenso por robo",https://notificar-clara.vercel.app/n/12a51742-dd94-4eeb-bb9c-0020397877b7,""
sentencia_penal,nna_13_17,visual,OK,rojo,"Lo condenaron a tres años de prisión en suspenso por robo",https://notificar-clara.vercel.app/n/04330062-1bc7-4e83-91f2-9cf3282225f0,""
sentencia_penal,nna_13_17,auditiva,OK,rojo,"Usted ha sido condenado por robo. Explicamos qué significa y qué debe hacer ahora",https://notificar-clara.vercel.app/n/b574100b-5498-4348-b99e-363ec4c6123f,""
sentencia_penal,nna_13_17,motriz,OK,rojo,"El juez lo condenó por robo. Lo que significa y qué debe hacer ahora",https://notificar-clara.vercel.app/n/18ea0d3b-4b41-40a6-b9ac-de9177ff7d4f,""
sentencia_penal,nna_13_17,intelectual,OK,rojo,"Lo han condenado a tres años de prisión en suspenso por robo",https://notificar-clara.vercel.app/n/a12b943f-00a6-47a5-8ab2-113d8d7bb80e,""
sentencia_penal,adulto_mayor,,OK,rojo,"Lo condenaron a 3 años de prisión en suspenso por robo. Debe cumplir obligaciones y puede apelar",https://notificar-clara.vercel.app/n/1856e8a5-a6c3-43f2-8236-53936a58de66,""
sentencia_penal,adulto_mayor,visual,OK,rojo,"El juez ha tomado una decisión sobre su caso: lo condenan a prisión en suspenso y a pagar una reparación",https://notificar-clara.vercel.app/n/59c9866b-5d0b-47b9-bb50-57d598e5c128,""
sentencia_penal,adulto_mayor,auditiva,OK,rojo,"El juez lo condenó por robo. Debe cumplir obligaciones y tiene derecho a apelar.",https://notificar-clara.vercel.app/n/8e3bf934-157c-410b-b51b-82c018595e10,""
sentencia_penal,adulto_mayor,motriz,OK,rojo,"Lo han condenado a tres años de prisión en suspenso por robo",https://notificar-clara.vercel.app/n/1c9dafa5-9a69-4056-ac7e-1c7091648d55,""
sentencia_penal,adulto_mayor,intelectual,OK,rojo,"Usted ha sido condenado por robo. La justicia le impone obligaciones y le explica sus derechos",https://notificar-clara.vercel.app/n/5714e062-9fc2-4b29-845d-bf52aa4ef846,""
sentencia_penal,letrado,,OK,rojo,"Lo condenaron a 3 años de prisión en suspenso por robo",https://notificar-clara.vercel.app/n/99616bdd-8d9f-42af-965e-dcb797e7af86,""
sentencia_penal,letrado,visual,OK,rojo,"Usted ha sido condenado por robo, pero no irá a prisión",https://notificar-clara.vercel.app/n/8e6d0b72-3343-4a83-8fc9-06dcef8a5898,""
sentencia_penal,letrado,auditiva,OK,rojo,"Lo han condenado a tres años de prisión en suspenso por robo",https://notificar-clara.vercel.app/n/d8f451e4-dd7b-4bc7-8bf8-af6dc825139f,""
sentencia_penal,letrado,motriz,OK,rojo,"Lo condenaron a 3 años en suspenso por robo. Esto es lo que debe hacer ahora",https://notificar-clara.vercel.app/n/c37467ff-4135-423a-9b7c-e9bdf07f6999,""
sentencia_penal,letrado,intelectual,OK,rojo,"Lo condenaron a tres años de prisión en suspenso por robo",https://notificar-clara.vercel.app/n/08ec815f-474b-49cb-99e7-93fe38008560,""
sentencia_penal,perito,,OK,rojo,"Lo condenaron a 3 años de prisión en suspenso por robo",https://notificar-clara.vercel.app/n/962de9dd-cb38-4b8d-b55d-c6452eddc57d,""
sentencia_penal,perito,visual,OK,rojo,"Lo condenaron a tres años de prisión en suspenso por robo",https://notificar-clara.vercel.app/n/f20b5853-b42f-4a7e-80fd-36779b15d536,""
sentencia_penal,perito,auditiva,OK,rojo,"Lo condenaron a 3 años de prisión en suspenso por robo. Debe cumplir obligaciones y puede apelar.",https://notificar-clara.vercel.app/n/ef956635-da9e-425f-9b73-0bde46cc88a8,""
sentencia_penal,perito,motriz,OK,rojo,"Lo condenaron, pero no irá preso de inmediato",https://notificar-clara.vercel.app/n/a04286d9-e105-4c62-bb3c-0b98262f19c3,""
sentencia_penal,perito,intelectual,OK,rojo,"Usted ha sido condenado a 3 años de prisión en suspenso por robo",https://notificar-clara.vercel.app/n/d41e048c-4eb3-4dc5-9fb4-a6fc1a3081a5,""
sentencia_camara,actor,,OK,rojo,"La justicia lo condenó a 3 años de prisión en suspenso por robo",https://notificar-clara.vercel.app/n/a1edcacc-b580-4b96-8563-ac75063348eb,""
sentencia_camara,actor,visual,OK,rojo,"Lo han condenado a prisión en suspenso y debe cumplir obligaciones",https://notificar-clara.vercel.app/n/947223cf-0ad5-41c1-bca0-11898a0ede3b,""
sentencia_camara,actor,auditiva,OK,rojo,"Lo han condenado a tres años de prisión en suspenso por robo",https://notificar-clara.vercel.app/n/84d62205-ac29-4a6f-af45-d3915fc33acb,""
sentencia_camara,actor,motriz,OK,rojo,"Lo han condenado a tres años de prisión en suspenso por robo, con obligaciones que debe cumplir",https://notificar-clara.vercel.app/n/843f4989-5292-41a1-8a11-d4c644c85c13,""
sentencia_camara,actor,intelectual,OK,rojo,"Lo condenaron a 3 años de prisión en suspenso por robo",https://notificar-clara.vercel.app/n/dfc26405-a764-4976-ab83-350491c6a9af,""
sentencia_camara,demandado,,OK,rojo,"El tribunal lo ha condenado por robo: debe cumplir ciertas obligaciones",https://notificar-clara.vercel.app/n/87df4df4-1cc5-4d3b-b7af-8687ff642c59,""
sentencia_camara,demandado,visual,OK,rojo,"Lo que el juez decidió sobre el caso de robo: condenación con prisión suspendida",https://notificar-clara.vercel.app/n/60c6b088-2e4c-4c40-99bc-0ffaa5f6761a,""
sentencia_camara,demandado,auditiva,OK,rojo,"Lo condenaron por robo: 3 años de prisión suspendida y debe pagar 500 mil pesos",https://notificar-clara.vercel.app/n/8884a7b9-a000-40a5-86e4-5eb20ec08ca3,""
sentencia_camara,demandado,motriz,OK,rojo,"El juez lo condenó a 3 años de prisión en suspenso por robo",https://notificar-clara.vercel.app/n/64e717e2-699a-43fd-8c4f-42091b2c2217,""
sentencia_camara,demandado,intelectual,OK,rojo,"Lo condenaron por robo: tiene pena de prisión en suspenso y obligaciones que debe cumplir",https://notificar-clara.vercel.app/n/6ae28e5d-ceaf-4847-a1f9-ff93a94e65c0,""
sentencia_camara,imputado,,OK,rojo,"Lo han condenado a tres años de prisión en suspenso por robo",https://notificar-clara.vercel.app/n/ef513332-92c3-4fba-8178-71ae9915e664,""
sentencia_camara,imputado,visual,ERROR,,"",,"fetch failed"
sentencia_camara,imputado,auditiva,OK,rojo,"Lo condenaron a prisión en suspenso por robo. Debe cumplir obligaciones y puede apelar.",https://notificar-clara.vercel.app/n/80725f21-3e10-4d00-9cd9-97175504c18b,""
sentencia_camara,imputado,motriz,OK,rojo,"La justicia lo condenó por robo: 3 años en suspenso y obligaciones que debe cumplir",https://notificar-clara.vercel.app/n/766abb93-c362-42eb-9a65-79b9e48c5e08,""
sentencia_camara,imputado,intelectual,OK,rojo,"Lo han condenado: debe cumplir pena en suspenso y obligaciones judiciales",https://notificar-clara.vercel.app/n/6367ef0d-2929-4b6d-9840-24ed4b4ec9fb,""
sentencia_camara,victima,,OK,rojo,"Lo han condenado a prisión en suspenso por robo y debe pagar una reparación",https://notificar-clara.vercel.app/n/c302268c-a871-4b4b-a0ea-f175c409adfb,""
sentencia_camara,victima,visual,OK,rojo,"Usted ha sido condenado por robo. La sentencia es apelable.",https://notificar-clara.vercel.app/n/c8d78901-5ec2-4759-93a2-492a3ed5a73b,""
sentencia_camara,victima,auditiva,OK,rojo,"Le han condenado a 3 años de prisión en suspenso por robo",https://notificar-clara.vercel.app/n/0fc3d802-d914-4e50-9f6a-00484d4db563,""
sentencia_camara,victima,motriz,OK,rojo,"Ha sido condenado por robo. Conocé qué significa esta sentencia y qué debe hacer ahora",https://notificar-clara.vercel.app/n/2183b305-3605-4670-9066-b42792b38a19,""
sentencia_camara,victima,intelectual,OK,rojo,"Lo han condenado a prisión en suspenso por robo y tiene que cumplir obligaciones",https://notificar-clara.vercel.app/n/2cd50a03-a890-47c5-88a7-5e32c38d9271,""
sentencia_camara,testigo,,OK,rojo,"Lo condenaron a 3 años de prisión en suspenso por robo",https://notificar-clara.vercel.app/n/1213a691-d09d-4638-866b-949816529ced,""
sentencia_camara,testigo,visual,OK,rojo,"Le condenaron a prisión en suspenso por robo. Esto es lo que debe saber.",https://notificar-clara.vercel.app/n/b9844d7a-252c-4e11-a33e-f0817408dcfd,""
sentencia_camara,testigo,auditiva,OK,rojo,"Lo han condenado a prisión en suspenso y debe cumplir obligaciones",https://notificar-clara.vercel.app/n/268920af-9e6c-4b5a-a751-94e94127a724,""
sentencia_camara,testigo,motriz,OK,rojo,"Lo condenaron a 3 años de prisión en suspenso por robo. Puede apelar en 10 días.",https://notificar-clara.vercel.app/n/d2f3dafa-d2e8-4d0d-abd0-b0092a12f50d,""
sentencia_camara,testigo,intelectual,OK,rojo,"Lo han condenado a 3 años de prisión en suspenso por robo",https://notificar-clara.vercel.app/n/efd801a9-1613-4ccd-94ac-0e47a3202e86,""
sentencia_camara,nna_0_6,,OK,rojo,"Lo condenaron por robo: prisión en suspenso y obligaciones que debe cumplir",https://notificar-clara.vercel.app/n/f04ca978-508a-4a5b-bd56-4342d7088cbb,""
sentencia_camara,nna_0_6,visual,OK,rojo,"Lo condenaron a prisión en suspenso por robo. Esto es lo que debe saber.",https://notificar-clara.vercel.app/n/194276e6-626c-427f-aabd-93bb16c8f6e4,""
sentencia_camara,nna_0_6,auditiva,OK,rojo,"Lo condenaron a 3 años de prisión en suspenso por robo",https://notificar-clara.vercel.app/n/027274ed-adb0-40d6-843e-903d3a8786e8,""
sentencia_camara,nna_0_6,motriz,OK,rojo,"Lo condenaron a 3 años de prisión en suspenso por robo",https://notificar-clara.vercel.app/n/907c1d08-0eab-4d77-8035-608d8845e425,""
sentencia_camara,nna_0_6,intelectual,OK,rojo,"Lo han condenado a prisión en suspenso por robo. Puede apelar en 10 días.",https://notificar-clara.vercel.app/n/755cad9f-28e1-467b-9a05-2d0574c17b6f,""
sentencia_camara,nna_7_12,,OK,rojo,"Lo condenaron por robo: 3 años de prisión en suspenso y obligaciones que debe cumplir",https://notificar-clara.vercel.app/n/40c71c6c-e0d7-436b-b0cb-8a1da1dd7f9f,""
sentencia_camara,nna_7_12,visual,OK,rojo,"Lo condenaron por robo. Tiene 3 años de prisión suspendida y obligaciones que cumplir",https://notificar-clara.vercel.app/n/23d8c422-270d-4175-ad08-a7b86ce6a310,""
sentencia_camara,nna_7_12,auditiva,OK,rojo,"Lo que dice la justicia sobre su caso: ha sido condenado",https://notificar-clara.vercel.app/n/6533346e-bf7b-422c-b042-a06113c29d62,""
sentencia_camara,nna_7_12,motriz,OK,rojo,"Lo que decidió el juez: condena a prisión en suspenso y obligaciones que debe cumplir",https://notificar-clara.vercel.app/n/03308ed4-9cb6-411e-ad5a-74a2fc1ada26,""
sentencia_camara,nna_7_12,intelectual,OK,rojo,"Lo condenaron a tres años de prisión suspendida por robo. Esto es lo que debe saber.",https://notificar-clara.vercel.app/n/264555dc-2e6d-4f74-bd80-69d3a0d54cfb,""
sentencia_camara,nna_13_17,,OK,rojo,"Usted ha sido condenado por robo: qué significa esta sentencia y qué puede hacer",https://notificar-clara.vercel.app/n/b85f4d68-8699-44b0-bbcd-130c3ee19344,""
sentencia_camara,nna_13_17,visual,OK,rojo,"Lo han condenado por robo: qué significa la sentencia y qué opciones tiene",https://notificar-clara.vercel.app/n/02f911d2-29db-4a61-8084-34b03e26908f,""
sentencia_camara,nna_13_17,auditiva,OK,rojo,"Lo condenaron a prisión en suspenso y debe pagar reparación del daño",https://notificar-clara.vercel.app/n/0c3dfa71-3bd4-48d7-bd43-e2ce41494ed0,""
sentencia_camara,nna_13_17,motriz,OK,rojo,"Usted ha sido condenado a prisión en suspenso por robo. Conozca sus obligaciones y sus derechos",https://notificar-clara.vercel.app/n/3d9f4323-07ac-46d8-b740-054a2862b1fb,""
sentencia_camara,nna_13_17,intelectual,OK,rojo,"Lo han condenado a prisión en suspenso por robo. Esto es lo que debe saber.",https://notificar-clara.vercel.app/n/55d3c714-7186-4434-8941-a562c3734155,""
sentencia_camara,adulto_mayor,,OK,rojo,"Ha sido condenado por robo. Esto es lo que debe saber.",https://notificar-clara.vercel.app/n/0d033d36-91b9-4e51-b2d4-32f40fb1e3f9,""
sentencia_camara,adulto_mayor,visual,OK,rojo,"Usted ha sido condenado por robo. La sentencia establece pena, obligaciones y un plazo para apelar.",https://notificar-clara.vercel.app/n/7dabe473-dc8a-40bc-b7f2-14589e20046e,""
sentencia_camara,adulto_mayor,auditiva,OK,rojo,"Usted ha sido condenado por robo. Estos son sus derechos y obligaciones.",https://notificar-clara.vercel.app/n/51e796fb-1ca4-4f5a-aa32-742d7f4e6130,""
sentencia_camara,adulto_mayor,motriz,OK,rojo,"Lo han condenado a tres años de prisión en suspenso por robo. Qué significa y qué debe hacer ahora.",https://notificar-clara.vercel.app/n/0929fe38-ff3a-41ac-8260-778d48d23f00,""
sentencia_camara,adulto_mayor,intelectual,OK,rojo,"Lo que decidió el juez después del juicio: usted fue condenado",https://notificar-clara.vercel.app/n/935498a0-20f7-45bf-a61a-ee151f593555,""
sentencia_camara,letrado,,OK,rojo,"Lo han condenado a prisión en suspenso y tiene obligaciones que cumplir",https://notificar-clara.vercel.app/n/0d964e1e-daec-4709-9ba5-2569aee15c42,""
sentencia_camara,letrado,visual,OK,rojo,"Lo condenaron a prisión en suspenso por robo y debe pagar una reparación",https://notificar-clara.vercel.app/n/202687f1-6c1d-48d2-b2ba-4d8b024be5fb,""
sentencia_camara,letrado,auditiva,OK,rojo,"Lo han condenado por robo: 3 años de prisión en suspenso y obligaciones que debe cumplir",https://notificar-clara.vercel.app/n/cf2b0578-afe6-4df4-8cc5-ef1dfa8554ef,""
sentencia_camara,letrado,motriz,OK,rojo,"Lo condenaron a prisión en suspenso por robo. Tiene 10 días para apelar si no está de acuerdo",https://notificar-clara.vercel.app/n/babec86a-4daf-42da-9f0b-426c392a3e37,""
sentencia_camara,letrado,intelectual,OK,rojo,"Ha sido condenado por robo. Entienda qué significa y qué debe hacer ahora.",https://notificar-clara.vercel.app/n/230bc653-55ac-4435-84d1-c8318905a572,""
sentencia_camara,perito,,OK,rojo,"Le han condenado a 3 años de prisión en suspenso por robo. Aquí está explicado qué significa y qué debe hacer ahora.",https://notificar-clara.vercel.app/n/1a5bd5d9-6b4a-4d49-bdfe-534b6f9d4606,""
sentencia_camara,perito,visual,OK,rojo,"Usted ha sido condenado por robo. Debe saber qué significa esta sentencia y qué debe hacer ahora.",https://notificar-clara.vercel.app/n/f54e1f9d-5231-49c2-a96c-9de6abab6937,""
sentencia_camara,perito,auditiva,OK,rojo,"Lo condenaron a 3 años de prisión en suspenso por robo",https://notificar-clara.vercel.app/n/b48bb32a-0c5d-4469-aff6-8851f072b31a,""
sentencia_camara,perito,motriz,OK,rojo,"Le han condenado a prisión en suspenso por robo. Puede apelar esta sentencia.",https://notificar-clara.vercel.app/n/a4cd495f-b9d2-4227-8cc1-1a6002ae2843,""
sentencia_camara,perito,intelectual,OK,rojo,"Le han condenado a prisión en suspenso por robo. Esto es lo que debe saber.",https://notificar-clara.vercel.app/n/2d316607-4f6b-452f-b5e8-b11b00e527a6,""
alimentos,actor,,OK,rojo,"Lo condenaron por robo: tiene 3 años de prisión suspendida y debe cumplir obligaciones",https://notificar-clara.vercel.app/n/aec2eb00-46ab-4010-844e-6319f86bdd64,""
alimentos,actor,visual,OK,rojo,"Usted ha sido condenado a prisión en suspenso por robo. Debe cumplir obligaciones y puede apelar.",https://notificar-clara.vercel.app/n/30d3ab67-ce4a-4fd2-8c23-a1108ad2d586,""
alimentos,actor,auditiva,OK,rojo,"Lo han condenado a 3 años de prisión en suspenso por robo",https://notificar-clara.vercel.app/n/95f69b1c-a7ac-4652-88a8-8a02b6759909,""
alimentos,actor,motriz,OK,rojo,"Usted ha sido condenado por robo. Estas son sus obligaciones y derechos",https://notificar-clara.vercel.app/n/54b9749c-a576-444b-864a-75d5659c902f,""
alimentos,actor,intelectual,OK,rojo,"La justicia lo condenó por robo: qué significa y qué debe hacer ahora",https://notificar-clara.vercel.app/n/04c701cc-5e5e-4b56-a1f4-2caf7e49c058,""
alimentos,demandado,,OK,rojo,"Le condenaron a prisión en suspenso por robo, pero debe cumplir obligaciones importantes",https://notificar-clara.vercel.app/n/0520f50a-28c2-412f-84e1-cc960d987173,""
alimentos,demandado,visual,OK,rojo,"Le han condenado a prisión en suspenso por robo. Debe cumplir obligaciones y puede apelar",https://notificar-clara.vercel.app/n/b11df9f9-fb0c-4d34-b5a5-cf3fbd890796,""
alimentos,demandado,auditiva,OK,rojo,"Usted ha sido condenado por robo. Le explico la sentencia y qué debe hacer ahora",https://notificar-clara.vercel.app/n/878761e6-1ef6-4c6c-8dc6-df0933807203,""
alimentos,demandado,motriz,OK,rojo,"Usted ha sido condenado por robo. Esto es lo que debe saber",https://notificar-clara.vercel.app/n/9b220be9-048e-47f4-8f9a-63ab8bc552bd,""
alimentos,demandado,intelectual,OK,rojo,"Usted fue condenado por robo. La justicia le impone pena de prisión suspendida, obligaciones y debe pagar dinero",https://notificar-clara.vercel.app/n/aa0dc887-7a17-4dfc-a358-6f86d60395fb,""
alimentos,imputado,,OK,rojo,"Usted ha sido condenado por robo. La justicia le impone pena de prisión en suspenso y otras obligaciones",https://notificar-clara.vercel.app/n/2c31ab99-38b1-4e18-99cf-712952a480ea,""
alimentos,imputado,visual,OK,rojo,"Usted ha sido condenado a prisión en suspenso por robo. Esto es lo que debe saber.",https://notificar-clara.vercel.app/n/c7bf0143-6fab-435a-941b-b4a05785df84,""
alimentos,imputado,auditiva,OK,rojo,"Lo han condenado a 3 años de prisión en suspenso por robo",https://notificar-clara.vercel.app/n/576d011e-025f-4cbf-a9ab-18610af7acf3,""
alimentos,imputado,motriz,OK,rojo,"Usted ha sido condenado a prisión en suspenso por robo. Debe cumplir obligaciones importantes.",https://notificar-clara.vercel.app/n/73c6a246-d07b-4bbb-8d17-2f84744c77f1,""
alimentos,imputado,intelectual,OK,rojo,"Lo condenan a tres años de prisión en suspenso por robo",https://notificar-clara.vercel.app/n/e272eba0-a4cb-4e66-a265-a400b1d21327,""
alimentos,victima,,OK,rojo,"Usted ha sido condenado a prisión en suspenso por robo simple",https://notificar-clara.vercel.app/n/a0bb4bc4-c582-4e00-828a-24970ee281bf,""
alimentos,victima,visual,OK,rojo,"Lo condenaron: debe cumplir con la pena y las obligaciones que el juez le impone",https://notificar-clara.vercel.app/n/79628aca-c2c8-435f-ac7b-d523b139a6bc,""
alimentos,victima,auditiva,OK,rojo,"Lo han condenado a 3 años de prisión en suspenso por robo",https://notificar-clara.vercel.app/n/ae049d32-291d-43f0-b4b4-7c55bf9dde33,""
alimentos,victima,motriz,OK,rojo,"Usted ha sido condenado a tres años de prisión en suspenso por robo",https://notificar-clara.vercel.app/n/9be4465b-df76-4ec5-a70b-5a5c1b7cec1a,""
alimentos,victima,intelectual,OK,rojo,"Usted ha sido condenado a prisión en suspenso y debe cumplir obligaciones judiciales",https://notificar-clara.vercel.app/n/836072a3-eca5-4cfc-a3cc-dddf1307faac,""
alimentos,testigo,,OK,rojo,"Usted ha sido condenado por robo. Esto es lo que debe saber.",https://notificar-clara.vercel.app/n/232006be-5b05-4d65-b1a1-1256c6e088b8,""
alimentos,testigo,visual,OK,rojo,"Lo que decidió el juez: usted fue condenado por robo",https://notificar-clara.vercel.app/n/81cc6fa4-c17d-4e60-b0c9-6067974c3b97,""
alimentos,testigo,auditiva,OK,rojo,"Ha sido condenado por robo. Conocé los detalles de la sentencia y qué debe hacer ahora.",https://notificar-clara.vercel.app/n/993bde47-d34c-4221-a0fa-55f009f65483,""
alimentos,testigo,motriz,OK,rojo,"Usted ha sido condenado por robo. Estos son sus derechos y obligaciones",https://notificar-clara.vercel.app/n/8f301e9f-7ad1-4cdb-939a-ccdae0f6ab4c,""
alimentos,testigo,intelectual,OK,rojo,"Usted ha sido condenado/a por robo. La justicia le impone pena de prisión suspendida y obligaciones que debe cumplir",https://notificar-clara.vercel.app/n/9d5754fc-d320-4379-b20c-8222f525bf1a,""
alimentos,nna_0_6,,OK,rojo,"Lo han condenado a prisión en suspenso por robo. Esto es una sentencia judicial que puede ser apelada.",https://notificar-clara.vercel.app/n/809fd1b5-bc32-430c-9a5c-77f1a4d51370,""
alimentos,nna_0_6,visual,OK,rojo,"Usted ha sido condenado por robo. Esto es lo que debe saber.",https://notificar-clara.vercel.app/n/97387575-48c2-4979-b31d-22cc2b10ecab,""
alimentos,nna_0_6,auditiva,OK,rojo,"Usted ha sido condenado a prisión en suspenso por robo. Conozca sus obligaciones y derechos.",https://notificar-clara.vercel.app/n/413d77fd-62c3-411f-b3d4-a2d448f7aedf,""
alimentos,nna_0_6,motriz,OK,rojo,"Usted ha sido condenado por robo. Conocé sus derechos y obligaciones",https://notificar-clara.vercel.app/n/8143114e-9be1-4373-aa05-05c101583d99,""
alimentos,nna_0_6,intelectual,OK,rojo,"Lo condenaron a prisión en suspenso y debe cumplir obligaciones",https://notificar-clara.vercel.app/n/1c155f33-47e9-4648-816f-6c3965e1c440,""
alimentos,nna_7_12,,OK,rojo,"Lo condenaron por robo, pero no irá a la cárcel de inmediato",https://notificar-clara.vercel.app/n/bd12b1c2-e55c-48cd-aefe-aed40c35b6fd,""
alimentos,nna_7_12,visual,OK,rojo,"Usted ha sido condenado por robo. La pena es de 3 años en suspenso y debe cumplir obligaciones",https://notificar-clara.vercel.app/n/5bb7a317-5353-4177-b3bb-0f4abb34f42d,""
alimentos,nna_7_12,auditiva,OK,rojo,"Usted ha sido condenado por robo. La justicia le impone obligaciones y pago de dinero.",https://notificar-clara.vercel.app/n/80480c7b-d7d4-4bf7-b977-d07f7f6b3958,""
alimentos,nna_7_12,motriz,OK,rojo,"Usted ha sido condenado por robo. Debe cumplir obligaciones y puede apelar",https://notificar-clara.vercel.app/n/896ea461-8d6e-444c-9769-fcda5a33cd46,""
alimentos,nna_7_12,intelectual,OK,rojo,"Ha sido condenado: 3 años de prisión en suspenso y obligaciones que debe cumplir",https://notificar-clara.vercel.app/n/332abb04-8347-4d78-9f6b-b7d74407029e,""
alimentos,nna_13_17,,OK,rojo,"Lo que dice la justicia: usted fue condenado a 3 años de prisión en suspenso por robo",https://notificar-clara.vercel.app/n/737b1b25-2d5f-405a-8a85-13f39c5b2c3e,""
alimentos,nna_13_17,visual,OK,rojo,"Ha sido condenado por robo. Lo que debe saber sobre su condena y sus obligaciones",https://notificar-clara.vercel.app/n/64ca9cd2-b3c8-4691-8d2a-e9671366e1ca,""
alimentos,nna_13_17,auditiva,OK,rojo,"Le condenaron a prisión en suspenso por robo. Estos son sus derechos y obligaciones.",https://notificar-clara.vercel.app/n/289ebd7b-56e2-4c50-94d6-3a7bc40941c7,""
alimentos,nna_13_17,motriz,OK,rojo,"Ha sido condenado por robo — debe cumplir obligaciones y tiene derecho a apelar",https://notificar-clara.vercel.app/n/3f34e43e-c858-44da-8e29-afaa5b86feb6,""
alimentos,nna_13_17,intelectual,OK,rojo,"Lo condenaron a prisión en suspenso y debe cumplir obligaciones",https://notificar-clara.vercel.app/n/a98d2ca3-8267-4b57-ae03-9751f5e35549,""
alimentos,adulto_mayor,,OK,rojo,"Lo que debe saber sobre su condena y qué debe hacer ahora",https://notificar-clara.vercel.app/n/10ebd8fb-32d1-4e25-b117-330b79e5520b,""
alimentos,adulto_mayor,visual,OK,rojo,"La justicia lo condena a tres años de prisión en suspenso por robo",https://notificar-clara.vercel.app/n/b0d47191-9692-4632-a1ec-65f2f1857cf6,""
alimentos,adulto_mayor,auditiva,OK,rojo,"Usted ha sido condenado por robo. La sentencia impone pena de prisión en suspenso y obligaciones que debe cumplir",https://notificar-clara.vercel.app/n/3b4f86d2-a91f-485a-8538-1f4c2dd7dd23,""
alimentos,adulto_mayor,motriz,OK,rojo,"Usted ha sido condenado por robo. Esto significa que la justicia lo encontró culpable y le impone obligaciones.",https://notificar-clara.vercel.app/n/63789798-f1a7-454e-ac9b-c638f55f5319,""
alimentos,adulto_mayor,intelectual,OK,rojo,"La justicia lo ha condenado por robo: lo que debe saber y hacer ahora",https://notificar-clara.vercel.app/n/52d3c915-135e-4bd7-b75f-a33aca61724b,""
alimentos,letrado,,OK,rojo,"Ha sido condenado por robo. Esto es lo que debe saber",https://notificar-clara.vercel.app/n/37afbe11-b028-4cfa-84e2-46c2cc0e147b,""
alimentos,letrado,visual,OK,rojo,"Usted ha sido condenado a tres años de prisión en suspenso por robo",https://notificar-clara.vercel.app/n/7969b15b-fc2a-4212-8da2-76cedf736488,""
alimentos,letrado,auditiva,OK,rojo,"Usted ha sido condenado por robo. Debe cumplir obligaciones importantes.",https://notificar-clara.vercel.app/n/7bd30632-5011-495a-a829-c1486d3e9823,""
alimentos,letrado,motriz,OK,rojo,"Usted ha sido condenado a prisión en suspenso por robo",https://notificar-clara.vercel.app/n/53e56170-4bdc-4163-b405-fb9b8986bb7c,""
alimentos,letrado,intelectual,OK,rojo,"Lo condenaron a prisión en suspenso por robo. Debe cumplir obligaciones y puede apelar.",https://notificar-clara.vercel.app/n/2c8f1332-08d2-4797-88c9-cad81e8d8013,""
alimentos,perito,,OK,rojo,"Lo han condenado a prisión en suspenso y debe cumplir obligaciones",https://notificar-clara.vercel.app/n/275f6426-78f5-45a6-bf83-1171df744b5b,""
alimentos,perito,visual,OK,rojo,"Lo condenaron a tres años de prisión en suspenso por robo",https://notificar-clara.vercel.app/n/658b8e7d-a208-4201-b071-3164752cd66d,""
alimentos,perito,auditiva,OK,rojo,"Lo han condenado a tres años de prisión en suspenso por robo",https://notificar-clara.vercel.app/n/b327f092-5082-4012-bc41-9eac4c19339b,""
alimentos,perito,motriz,OK,rojo,"Usted ha sido condenado por robo. Esto es lo que debe saber.",https://notificar-clara.vercel.app/n/8bd6389b-62b2-48a5-9897-cdd13306f2ab,""
alimentos,perito,intelectual,OK,rojo,"Ha sido condenado por robo. Debe cumplir con obligaciones específicas.",https://notificar-clara.vercel.app/n/56eb003c-f914-454d-981b-7b71f6e0c279,""
accesibilidad_auditiva,actor,,OK,rojo,"Usted ha sido condenado: debe cumplir obligaciones y puede apelar",https://notificar-clara.vercel.app/n/fc1688fd-4b52-4736-9169-6882be3f969f,""
accesibilidad_auditiva,actor,visual,OK,rojo,"Lo condenaron a prisión en suspenso por robo. Esto es lo que debe saber.",https://notificar-clara.vercel.app/n/aa9cb282-5f5e-4504-9c16-55135435fa8f,""
accesibilidad_auditiva,actor,auditiva,OK,rojo,"Lo condenaron por robo: tres años en suspenso y obligaciones que debe cumplir",https://notificar-clara.vercel.app/n/767ddefb-2e73-46bf-87fe-a8a991b7e074,""
accesibilidad_auditiva,actor,motriz,OK,rojo,"Lo condenaron por robo, pero no va a la cárcel ahora. Debe cumplir obligaciones importantes.",https://notificar-clara.vercel.app/n/75b80652-d06a-4eb8-be6d-865e34ec200e,""
accesibilidad_auditiva,actor,intelectual,OK,rojo,"Lo condenaron por robo. Tiene que cumplir con obligaciones y puede apelar",https://notificar-clara.vercel.app/n/d49b0c3a-25e0-44fc-9af8-88d327d44166,""
accesibilidad_auditiva,demandado,,OK,rojo,"El juez lo condenó por robo: debe cumplir obligaciones y pagar reparación",https://notificar-clara.vercel.app/n/2d162504-e09c-4c73-a884-19a68ec513e5,""
accesibilidad_auditiva,demandado,visual,OK,rojo,"Usted fue condenado por robo. Esta es la sentencia del juicio.",https://notificar-clara.vercel.app/n/121e2212-9f30-4e45-8c23-710a3a1d2058,""
accesibilidad_auditiva,demandado,auditiva,OK,rojo,"Lo condenaron por robo: tiene 3 años de prisión en suspenso y debe cumplir obligaciones",https://notificar-clara.vercel.app/n/57cbc04f-9f1c-4667-bea7-2c373c6b6eab,""
accesibilidad_auditiva,demandado,motriz,OK,rojo,"La justicia lo condenó por robo: qué debe hacer ahora",https://notificar-clara.vercel.app/n/d01d3817-92a7-4468-8dd0-7109e3bae48a,""
accesibilidad_auditiva,demandado,intelectual,OK,rojo,"Lo condenaron por robo. Tiene que cumplir con obligaciones y puede apelar.",https://notificar-clara.vercel.app/n/7c84c9b4-bce8-4a86-b007-72c38d979350,""
accesibilidad_auditiva,imputado,,OK,rojo,"El juzgado lo condenó por robo. Esto es lo que debe saber.",https://notificar-clara.vercel.app/n/943e85cd-77b3-4652-a89d-1562e750a9df,""
accesibilidad_auditiva,imputado,visual,OK,rojo,"Usted ha sido condenado por robo. Esto es lo que debe saber.",https://notificar-clara.vercel.app/n/5eda4835-33da-48ae-933a-debbcdd1d665,""
accesibilidad_auditiva,imputado,auditiva,OK,rojo,"Lo han condenado a prisión en suspenso por robo. Conocé qué significa y qué debe hacer ahora.",https://notificar-clara.vercel.app/n/69a7c652-de78-423c-95ae-dc3460eb9e52,""
accesibilidad_auditiva,imputado,motriz,OK,rojo,"La justicia lo condenó por robo: debe saber qué pasa ahora",https://notificar-clara.vercel.app/n/b2fe990e-8f48-4d9b-ba24-c0f3f4e4450b,""
accesibilidad_auditiva,imputado,intelectual,OK,rojo,"Usted ha sido condenado por robo. Aquí está la sentencia del Juzgado",https://notificar-clara.vercel.app/n/1996fa5c-1d36-433d-86d7-ef351135873a,""
accesibilidad_auditiva,victima,,OK,rojo,"Usted ha sido condenado por robo. Tiene obligaciones que cumplir y puede recurrir esta sentencia",https://notificar-clara.vercel.app/n/d1fcbeb7-7d35-40d2-aec9-f2935fc26207,""
accesibilidad_auditiva,victima,visual,OK,rojo,"Usted ha sido condenado: le explico qué significa y qué debe hacer ahora",https://notificar-clara.vercel.app/n/5a934bb6-39df-431d-b5ea-a5894912bebd,""
accesibilidad_auditiva,victima,auditiva,OK,rojo,"Lo condenaron por robo: 3 años en suspenso y debe pagar 500 mil pesos",https://notificar-clara.vercel.app/n/7ffaa435-ed98-4255-96ec-c4044b422417,""
accesibilidad_auditiva,victima,motriz,OK,rojo,"Le comunican que fue condenado a prisión en suspenso y debe cumplir obligaciones",https://notificar-clara.vercel.app/n/99220d0e-561b-4ed4-b85a-60f815d50809,""
accesibilidad_auditiva,victima,intelectual,OK,rojo,"La justicia lo condenó: tiene 3 años de prisión en suspenso y debe pagar 500.000 pesos",https://notificar-clara.vercel.app/n/291801c4-4434-4d1e-a574-82543ea68797,""
accesibilidad_auditiva,testigo,,OK,rojo,"Ha sido condenado: debe cumplir con obligaciones específicas",https://notificar-clara.vercel.app/n/511241dc-7415-4ec7-93eb-b2352cda9a9b,""
accesibilidad_auditiva,testigo,visual,OK,rojo,"Usted ha sido condenado por robo. Esto es lo que debe saber y hacer.",https://notificar-clara.vercel.app/n/c642e81c-ffc2-480a-a7e1-47e1b6bf82b3,""
accesibilidad_auditiva,testigo,auditiva,OK,rojo,"Usted ha sido condenado: debe conocer sus obligaciones y derechos",https://notificar-clara.vercel.app/n/c62593a4-eb6e-4804-92cd-df8cf4ab2966,""
accesibilidad_auditiva,testigo,motriz,OK,rojo,"Lo condenaron a tres años de prisión en suspenso por robo",https://notificar-clara.vercel.app/n/0cb1e321-c9fa-4690-8c29-587198716c0c,""
accesibilidad_auditiva,testigo,intelectual,OK,rojo,"Lo condenaron a prisión en suspenso por robo. Debe cumplir obligaciones y puede apelar en 10 días.",https://notificar-clara.vercel.app/n/35feb0bb-f50b-432b-bfa1-7551fb28a1ae,""
accesibilidad_auditiva,nna_0_6,,OK,rojo,"Lo que la justicia decidió sobre su caso de robo",https://notificar-clara.vercel.app/n/24b8da3d-ad66-411d-bd45-071b7ca2f72f,""
accesibilidad_auditiva,nna_0_6,visual,OK,rojo,"Lo han condenado por robo: pena suspendida, obligaciones y plazo para apelar",https://notificar-clara.vercel.app/n/2ac11350-50f3-4eac-afac-a31fff73d85d,""
accesibilidad_auditiva,nna_0_6,auditiva,OK,rojo,"Le condenaron a 3 años de prisión en suspenso por robo",https://notificar-clara.vercel.app/n/a064cf0d-35cd-488c-b232-6d88c7fcb37f,""
accesibilidad_auditiva,nna_0_6,motriz,OK,rojo,"Lo condenaron a tres años de prisión en suspenso por robo. Debe cumplir obligaciones y puede apelar.",https://notificar-clara.vercel.app/n/bf618b3d-77da-4648-a052-b7693751e72f,""
accesibilidad_auditiva,nna_0_6,intelectual,OK,rojo,"Lo condenaron a prisión en suspenso por robo y debe cumplir obligaciones",https://notificar-clara.vercel.app/n/a7e64b7f-ec22-4857-8f52-7ea03a77615d,""
accesibilidad_auditiva,nna_7_12,,OK,rojo,"Usted ha sido condenado por robo. Esto es lo que debe saber.",https://notificar-clara.vercel.app/n/0eb16ec8-a67f-4c3c-9f97-8b744c87417c,""
accesibilidad_auditiva,nna_7_12,visual,OK,rojo,"Usted ha sido condenado por robo. Esto es lo que debe saber.",https://notificar-clara.vercel.app/n/a61cbbad-774f-4c08-acf4-7a9b0d0703e6,""
accesibilidad_auditiva,nna_7_12,auditiva,OK,rojo,"Lo que dice la justicia sobre su caso de robo: condenado a prisión en suspenso",https://notificar-clara.vercel.app/n/38799b9f-6223-49eb-bc48-1e1677fa96bb,""
accesibilidad_auditiva,nna_7_12,motriz,OK,rojo,"Lo que dice la justicia sobre su causa de robo: condena con pena en suspenso",https://notificar-clara.vercel.app/n/68781ff3-1d2a-4fde-9417-d178b0bfd2a9,""
accesibilidad_auditiva,nna_7_12,intelectual,OK,rojo,"Lo que dice la justicia después del juicio: usted ha sido condenado",https://notificar-clara.vercel.app/n/4faaa7e0-cb44-46ac-8b8b-fbda044b5004,""
accesibilidad_auditiva,nna_13_17,,OK,rojo,"Usted ha sido condenado por robo. Debe cumplir obligaciones específicas.",https://notificar-clara.vercel.app/n/b08a6a2b-2f1a-46cc-8328-da78d36fc36b,""
accesibilidad_auditiva,nna_13_17,visual,OK,rojo,"Lo condenaron por robo: qué significa la sentencia y qué debe hacer ahora",https://notificar-clara.vercel.app/n/9ee9d2b8-bba2-4438-b297-0f90098e5815,""
accesibilidad_auditiva,nna_13_17,auditiva,OK,rojo,"Lo que dice la justicia sobre su condena por robo",https://notificar-clara.vercel.app/n/58353051-296c-43a9-bef0-59677e79ea17,""
accesibilidad_auditiva,nna_13_17,motriz,OK,rojo,"Lo condenaron por robo. Qué significa la sentencia y qué debe hacer ahora",https://notificar-clara.vercel.app/n/4364ea2b-eb6b-427e-b6c8-142417c1f496,""
accesibilidad_auditiva,nna_13_17,intelectual,OK,rojo,"La justicia lo condenó a 3 años de prisión en suspenso por robo",https://notificar-clara.vercel.app/n/4552adcb-8c27-4053-8f9b-7d0ea9a0daa7,""
accesibilidad_auditiva,adulto_mayor,,OK,rojo,"Lo condenaron por robo. Debe cumplir con obligaciones y puede apelar.",https://notificar-clara.vercel.app/n/8b624d78-b62b-498a-ab8a-6da553af35a6,""
accesibilidad_auditiva,adulto_mayor,visual,OK,rojo,"Lo han condenado a prisión en suspenso y debe cumplir obligaciones importantes",https://notificar-clara.vercel.app/n/aeefd7f4-69e2-4204-a585-5a2f2afd6efb,""
accesibilidad_auditiva,adulto_mayor,auditiva,OK,rojo,"Lo condenaron a prisión en suspenso por robo. Esto es lo que debe saber.",https://notificar-clara.vercel.app/n/971d054e-ceb1-4c24-a460-d8b45a9cb02c,""
accesibilidad_auditiva,adulto_mayor,motriz,OK,rojo,"La justicia lo condena por robo: tiene que cumplir obligaciones y puede apelar",https://notificar-clara.vercel.app/n/816d9595-b24c-40cf-b9db-a1aafa8f380a,""
accesibilidad_auditiva,adulto_mayor,intelectual,OK,rojo,"Usted ha sido condenado por robo. Esto es lo que debe saber y hacer ahora.",https://notificar-clara.vercel.app/n/b60ed34d-1136-4d20-bba3-87bfbb926f81,""
accesibilidad_auditiva,letrado,,OK,rojo,"Lo condenaron a prisión en suspenso y le ordenan pagar reparación",https://notificar-clara.vercel.app/n/0dba9303-8b05-4554-9df5-215198be7cd0,""
accesibilidad_auditiva,letrado,visual,OK,rojo,"Ha sido condenado por robo. Lo que debe saber sobre esta sentencia",https://notificar-clara.vercel.app/n/82430a5e-09a6-49e5-aa55-3820527f6439,""
accesibilidad_auditiva,letrado,auditiva,OK,rojo,"Usted ha sido condenado a 3 años de prisión en suspenso por robo",https://notificar-clara.vercel.app/n/52da7696-f4df-42e2-987b-9f349defc157,""
accesibilidad_auditiva,letrado,motriz,OK,rojo,"Ha sido condenado: 3 años de prisión en suspenso, obligaciones y multa",https://notificar-clara.vercel.app/n/f50809fd-ad6b-4676-b478-9f07b4c7dd35,""
accesibilidad_auditiva,letrado,intelectual,OK,rojo,"La justicia lo condenó a 3 años de prisión en suspenso por robo",https://notificar-clara.vercel.app/n/3ff81e97-189f-4bac-a976-c7180d533b76,""
accesibilidad_auditiva,perito,,OK,rojo,"Ha sido condenado por robo. Debe conocer sus obligaciones y sus derechos",https://notificar-clara.vercel.app/n/15ce02e6-3198-4013-9258-a580eb56d3e6,""
accesibilidad_auditiva,perito,visual,OK,rojo,"Usted ha sido condenado por robo. Aquí le explicamos qué significa y qué debe hacer",https://notificar-clara.vercel.app/n/c1b651f4-b45e-47d2-a995-ad0c870ecc78,""
accesibilidad_auditiva,perito,auditiva,OK,rojo,"Lo han condenado a prisión en suspenso por robo. Esto es lo que debe saber.",https://notificar-clara.vercel.app/n/a8255fd2-8bea-4e44-939d-47836c1b79fa,""
accesibilidad_auditiva,perito,motriz,OK,rojo,"Le condenaron a tres años de prisión en suspenso por robo",https://notificar-clara.vercel.app/n/aae08692-a5f3-47b1-9079-5e64bdcbaaed,""
accesibilidad_auditiva,perito,intelectual,OK,rojo,"Lo condenaron a prisión en suspenso y debe cumplir obligaciones",https://notificar-clara.vercel.app/n/e28d6394-93d1-4f73-b70d-eae85de22700,""
accesibilidad_visual,actor,,OK,rojo,"El juez lo condenó: tres años de prisión en suspenso por robo",https://notificar-clara.vercel.app/n/9c37204d-fa14-4042-af16-1a94c6e2afc2,""
accesibilidad_visual,actor,visual,OK,rojo,"Usted ha sido condenado por robo. Esto es lo que debe saber",https://notificar-clara.vercel.app/n/9728d9c7-602d-4c03-9950-fa63844f2e9e,""
accesibilidad_visual,actor,auditiva,OK,rojo,"Ha sido condenado. Esto es lo que debe saber sobre la sentencia y qué puede hacer ahora.",https://notificar-clara.vercel.app/n/df0c1e13-e189-4188-8635-574015c4cc65,""
accesibilidad_visual,actor,motriz,OK,rojo,"Lo han condenado a tres años de prisión en suspenso por robo",https://notificar-clara.vercel.app/n/cf3b6ddb-c7eb-419d-accd-9747598bb521,""
accesibilidad_visual,actor,intelectual,OK,rojo,"Usted ha sido condenado. Lo que significa esta sentencia y qué debe hacer ahora",https://notificar-clara.vercel.app/n/b8ad03a8-f9c3-4839-ba4e-4b837ed54029,""
accesibilidad_visual,demandado,,OK,rojo,"Ha sido condenado por robo. Debe cumplir obligaciones y tiene derecho a apelar",https://notificar-clara.vercel.app/n/4f0ffee7-18ee-4b11-aa49-f38572d1f03f,""
accesibilidad_visual,demandado,visual,OK,rojo,"Usted ha sido condenado por robo. Conoce sus obligaciones y derechos de defensa",https://notificar-clara.vercel.app/n/16787fbb-d9a0-487d-ad0b-f0682cd68f8c,""
accesibilidad_visual,demandado,auditiva,OK,rojo,"Lo han condenado por robo. Esto es lo que debe saber.",https://notificar-clara.vercel.app/n/ef61202d-d669-4f75-a94d-b52e8b283941,""
accesibilidad_visual,demandado,motriz,OK,rojo,"El juez lo ha condenado por robo. Esto es lo que debe saber.",https://notificar-clara.vercel.app/n/dc48ba62-2004-4a17-959b-9725faceaa92,""
accesibilidad_visual,demandado,intelectual,OK,rojo,"El juez decidió que usted es culpable y lo condenó a prisión en suspenso",https://notificar-clara.vercel.app/n/fb8e2e9a-791e-4b61-903a-a4166b973caf,""
accesibilidad_visual,imputado,,OK,rojo,"Lo condenaron a 3 años de prisión en suspenso por robo. Esto es una sentencia que puede ser apelada.",https://notificar-clara.vercel.app/n/60a63d95-8df6-4e8d-9aee-f87a1f51fa21,""
accesibilidad_visual,imputado,visual,OK,rojo,"Usted ha sido condenado por robo. Aquí le explicamos qué significa y qué debe hacer ahora.",https://notificar-clara.vercel.app/n/94934cc9-bb9e-4a7f-82fc-3b39be83d700,""
accesibilidad_visual,imputado,auditiva,OK,rojo,"Usted ha sido condenado por robo. Esto es lo que debe saber.",https://notificar-clara.vercel.app/n/880e4414-3d71-4c3d-9511-d3d3d0eafc22,""
accesibilidad_visual,imputado,motriz,OK,rojo,"La justicia lo condena a tres años de prisión en suspenso por robo",https://notificar-clara.vercel.app/n/a946d7bd-e143-4b5c-9da0-49832249921b,""
accesibilidad_visual,imputado,intelectual,OK,rojo,"Lo que dice la justicia sobre su caso de robo: usted fue condenado",https://notificar-clara.vercel.app/n/a570de5c-39e5-45b5-8084-239aaeb8075f,""
accesibilidad_visual,victima,,OK,rojo,"Le comunican que fue condenado por robo: 3 años de prisión en suspenso y debe pagar 500.000 pesos",https://notificar-clara.vercel.app/n/e56912d6-8eb4-4a8f-9cb3-79f2033c89f5,""
accesibilidad_visual,victima,visual,OK,rojo,"Lo condenaron a prisión en suspenso por robo. Debe cumplir obligaciones y puede apelar",https://notificar-clara.vercel.app/n/111e1677-6752-4ab7-af72-caf23dc4923d,""
accesibilidad_visual,victima,auditiva,OK,rojo,"Usted ha sido condenado por robo. La sentencia explica la pena y sus obligaciones",https://notificar-clara.vercel.app/n/30a1e5f4-ae01-43ad-91d6-baef95643ed7,""
accesibilidad_visual,victima,motriz,OK,rojo,"Usted ha sido condenado a tres años de prisión en suspenso por robo",https://notificar-clara.vercel.app/n/5fd87862-6159-46ab-9e1e-7fa078312ba2,""
accesibilidad_visual,victima,intelectual,OK,rojo,"Le comunican que fue condenado por robo: deberá cumplir obligaciones y puede apelar",https://notificar-clara.vercel.app/n/11803d45-0e5d-4d08-9669-54a39a2312b9,""
accesibilidad_visual,testigo,,OK,rojo,"Lo que dice la justicia: usted ha sido condenado por robo",https://notificar-clara.vercel.app/n/c504ad4e-3083-4e6e-b7e2-a31dd8d7b8d7,""
accesibilidad_visual,testigo,visual,OK,rojo,"La justicia lo ha condenado por robo. Esto es lo que debe saber.",https://notificar-clara.vercel.app/n/e505bedd-91ad-4dda-9b91-baa75f4fd2cf,""
accesibilidad_visual,testigo,auditiva,OK,rojo,"Usted ha sido condenado/a por robo. Aquí está explicado qué significa y qué debe hacer",https://notificar-clara.vercel.app/n/e7e424ed-e841-43bb-af61-8f3b442a42e5,""
accesibilidad_visual,testigo,motriz,OK,rojo,"Usted ha sido condenado por robo. Esto es lo que debe saber",https://notificar-clara.vercel.app/n/0a829cd4-dcd4-485b-9068-06cc98099037,""
accesibilidad_visual,testigo,intelectual,OK,rojo,"Usted ha sido condenado. Estos son sus derechos y sus obligaciones",https://notificar-clara.vercel.app/n/00b856e2-5e4c-406d-8428-068b3a06a734,""
accesibilidad_visual,nna_0_6,,OK,rojo,"Lo han condenado a prisión en suspenso y debe cumplir obligaciones",https://notificar-clara.vercel.app/n/3e089df3-bc1c-477d-a988-096cfdf311f8,""
accesibilidad_visual,nna_0_6,visual,OK,rojo,"Usted ha sido condenado por robo — se lo comunica la sentencia del juicio",https://notificar-clara.vercel.app/n/f2ebfac0-08ef-4c7c-9911-7acd0f0baeff,""
accesibilidad_visual,nna_0_6,auditiva,OK,rojo,"Usted ha sido condenado por robo. Esto es lo que debe hacer ahora.",https://notificar-clara.vercel.app/n/e8f9916e-2e51-41f7-a056-744ca1206210,""
accesibilidad_visual,nna_0_6,motriz,OK,rojo,"Usted ha sido condenado por robo. Lo que debe saber sobre esta sentencia.",https://notificar-clara.vercel.app/n/c4ff983e-5670-46d9-b10d-9273ce3c69dd,""
accesibilidad_visual,nna_0_6,intelectual,OK,rojo,"La justicia lo ha condenado por robo. Esto es lo que significa y qué debe hacer ahora",https://notificar-clara.vercel.app/n/37602945-727e-46e2-873c-489e0b2f9279,""
accesibilidad_visual,nna_7_12,,OK,rojo,"Lo condenaron a prisión en suspenso y debe cumplir obligaciones",https://notificar-clara.vercel.app/n/30dfc6f0-4944-4f36-9111-05557c8ca34f,""
accesibilidad_visual,nna_7_12,visual,OK,rojo,"Lo han condenado: debe saber qué significa y qué tiene que hacer ahora",https://notificar-clara.vercel.app/n/87e8b58a-e0cf-4234-bac4-bbc19e3022ef,""
accesibilidad_visual,nna_7_12,auditiva,OK,rojo,"Lo que dice la sentencia: usted fue condenado por robo, pero no irá a la cárcel",https://notificar-clara.vercel.app/n/b7801d4e-c8e9-44fa-a99c-82cd09c175e3,""
accesibilidad_visual,nna_7_12,motriz,OK,rojo,"Lo que dice el juzgado: usted fue condenado por robo, pero no irá a la cárcel ahora",https://notificar-clara.vercel.app/n/0cf1c754-4793-4470-b0a6-3a1318da1014,""
accesibilidad_visual,nna_7_12,intelectual,OK,rojo,"Usted ha sido condenado por robo. Esto es lo que debe saber.",https://notificar-clara.vercel.app/n/d0c4615e-4df6-499f-a275-3cb1603e4b39,""
accesibilidad_visual,nna_13_17,,OK,rojo,"Lo condenaron a prisión en suspenso por robo: esto significa que tiene obligaciones y puede apelar",https://notificar-clara.vercel.app/n/e2179c3f-4d8f-4e62-afd8-e8265ade31c4,""
accesibilidad_visual,nna_13_17,visual,OK,rojo,"Usted ha sido condenado por robo. Esto es lo que significa y qué debe hacer ahora",https://notificar-clara.vercel.app/n/57a7186f-fb9f-4e9c-8773-4b0d05ccaffd,""
accesibilidad_visual,nna_13_17,auditiva,OK,rojo,"Lo condenaron a prisión en suspenso y a pagar reparación por robo",https://notificar-clara.vercel.app/n/710f1395-f93e-4fc2-b127-b13a8c4ab117,""
accesibilidad_visual,nna_13_17,motriz,OK,rojo,"Ha sido condenado: la justicia ha decidido su caso después del juicio",https://notificar-clara.vercel.app/n/9980a523-8bae-4d87-a08a-b83593bebfb2,""
accesibilidad_visual,nna_13_17,intelectual,OK,rojo,"Lo que dice la justicia: usted fue condenado por robo, pero no irá a prisión ahora",https://notificar-clara.vercel.app/n/4ff193a0-4cfe-4d00-868e-4e6d90a66965,""
accesibilidad_visual,adulto_mayor,,OK,rojo,"Ha sido condenado por robo. Debe cumplir obligaciones y tiene derecho a apelar",https://notificar-clara.vercel.app/n/eb76a1ce-070e-4d61-8e4f-5f150b40492c,""
accesibilidad_visual,adulto_mayor,visual,OK,rojo,"Usted ha sido condenado por robo. Lo que debe saber.",https://notificar-clara.vercel.app/n/4dd89e52-3a4a-4b0b-8283-38cb159adc73,""
accesibilidad_visual,adulto_mayor,auditiva,OK,rojo,"Lo que debe saber sobre su condena y lo que tiene que hacer ahora",https://notificar-clara.vercel.app/n/fdddc119-55f0-4e87-870d-bf52159d4b35,""
accesibilidad_visual,adulto_mayor,motriz,OK,rojo,"Lo han condenado por robo: debe cumplir con obligaciones importantes",https://notificar-clara.vercel.app/n/20f48c66-a94f-4f1b-b3c1-d901f51bdaa9,""
accesibilidad_visual,adulto_mayor,intelectual,OK,rojo,"Usted ha sido condenado: prisión en suspenso y obligaciones que debe cumplir",https://notificar-clara.vercel.app/n/7d9ff91e-a774-49e7-953e-9a65d4fed4eb,""
accesibilidad_visual,letrado,,OK,rojo,"Lo han condenado a prisión en suspenso y debe cumplir obligaciones",https://notificar-clara.vercel.app/n/6203483a-7d65-45c6-af33-6f1876edeb67,""
accesibilidad_visual,letrado,visual,OK,rojo,"Lo han condenado a tres años de prisión en suspenso por robo",https://notificar-clara.vercel.app/n/481fb70a-10c2-4dc6-9ded-a21265e0a362,""
accesibilidad_visual,letrado,auditiva,OK,rojo,"Lo han condenado a prisión en suspenso por robo. Conozca sus obligaciones y derechos",https://notificar-clara.vercel.app/n/df8a6022-bd64-45c9-95b7-b956a295d023,""
accesibilidad_visual,letrado,motriz,OK,rojo,"Usted ha sido condenado por robo. Conocer sus derechos y obligaciones",https://notificar-clara.vercel.app/n/73b87e25-f24a-4151-8a40-91273e14847f,""
accesibilidad_visual,letrado,intelectual,OK,rojo,"Condena a prisión en suspenso por robo: qué significa y qué tiene que hacer",https://notificar-clara.vercel.app/n/12d94d14-4ba6-46af-89f3-c4b503016bee,""
accesibilidad_visual,perito,,OK,rojo,"Lo han condenado a prisión en suspenso y debe cumplir obligaciones",https://notificar-clara.vercel.app/n/6a90b351-e648-468e-8aac-ac89e71a1139,""
accesibilidad_visual,perito,visual,OK,rojo,"Usted ha sido condenado por robo. Esto es lo que debe saber.",https://notificar-clara.vercel.app/n/134ff8f9-91c0-4c59-a057-b2cccc224052,""
accesibilidad_visual,perito,auditiva,OK,rojo,"Lo condenaron a 3 años de prisión en suspenso por robo",https://notificar-clara.vercel.app/n/49c47c50-9399-4bff-ad01-a881bec26dcc,""
accesibilidad_visual,perito,motriz,OK,rojo,"La justicia lo ha condenado por robo: lo que debe saber y hacer ahora",https://notificar-clara.vercel.app/n/249e6ec4-929c-4082-ba15-18841414b832,""
accesibilidad_visual,perito,intelectual,OK,rojo,"La justicia lo ha condenado por robo. Lo que debe saber y hacer ahora.",https://notificar-clara.vercel.app/n/d692cc2b-1382-42c5-a19b-64d68c49aaf0,""